1,1,ARABIC,HARDBACK,Y
2,1,CHINESE,HARDBACK,Y
3,1,ENGLISH,HARDBACK,Y
4,1,FRENCH,HARDBACK,Y
5,1,GERMAN,HARDBACK,Y
6,1,JAPANESE,HARDBACK,Y
7,1,KOREAN,HARDBACK,Y
8,1,LATIN,HARDBACK,Y
9,1,PORTUGES,HARDBACK,Y
10,1,SPANISH,HARDBACK,Y
11,2,ARABIC,HARDBACK,Y
12,2,CHINESE,HARDBACK,Y
13,2,ENGLISH,HARDBACK,Y
14,2,FRENCH,HARDBACK,Y
15,2,GERMAN,HARDBACK,Y
16,2,JAPANESE,HARDBACK,Y
17,2,KOREAN,HARDBACK,Y
18,2,LATIN,HARDBACK,Y
19,2,PORTUGES,HARDBACK,Y
20,2,SPANISH,HARDBACK,Y
21,3,ARABIC,HARDBACK,Y
22,3,CHINESE,HARDBACK,Y
23,3,ENGLISH,HARDBACK,Y
24,3,FRENCH,HARDBACK,Y
25,3,GERMAN,HARDBACK,Y
26,3,JAPANESE,HARDBACK,Y
27,3,KOREAN,HARDBACK,Y
28,3,LATIN,HARDBACK,Y
29,3,PORTUGES,HARDBACK,Y
30,3,SPANISH,HARDBACK,Y
31,4,ARABIC,HARDBACK,Y
32,4,CHINESE,HARDBACK,Y
33,4,ENGLISH,HARDBACK,Y
34,4,FRENCH,HARDBACK,Y
35,4,GERMAN,HARDBACK,Y
36,4,JAPANESE,HARDBACK,Y
37,4,KOREAN,HARDBACK,Y
38,4,LATIN,HARDBACK,Y
39,4,PORTUGES,HARDBACK,Y
40,4,SPANISH,HARDBACK,Y
41,5,ARABIC,HARDBACK,Y
42,5,CHINESE,HARDBACK,Y
43,5,ENGLISH,HARDBACK,Y
44,5,FRENCH,HARDBACK,Y
45,5,GERMAN,HARDBACK,Y
46,5,JAPANESE,HARDBACK,Y
47,5,KOREAN,HARDBACK,Y
48,5,LATIN,HARDBACK,Y
49,5,PORTUGES,HARDBACK,Y
50,5,SPANISH,HARDBACK,Y
51,6,ARABIC,HARDBACK,Y
52,6,CHINESE,HARDBACK,Y
53,6,ENGLISH,HARDBACK,Y
54,6,FRENCH,HARDBACK,Y
55,6,GERMAN,HARDBACK,Y
56,6,JAPANESE,HARDBACK,Y
57,6,KOREAN,HARDBACK,Y
58,6,LATIN,HARDBACK,Y
59,6,PORTUGES,HARDBACK,Y
60,6,SPANISH,HARDBACK,Y
61,7,ARABIC,HARDBACK,Y
62,7,CHINESE,HARDBACK,Y
63,7,ENGLISH,HARDBACK,Y
64,7,FRENCH,HARDBACK,Y
65,7,GERMAN,HARDBACK,Y
66,7,JAPANESE,HARDBACK,Y
67,7,KOREAN,HARDBACK,Y
68,7,LATIN,HARDBACK,Y
69,7,PORTUGES,HARDBACK,Y
70,7,SPANISH,HARDBACK,Y
71,8,ARABIC,HARDBACK,Y
72,8,CHINESE,HARDBACK,Y
73,8,ENGLISH,HARDBACK,Y
74,8,FRENCH,HARDBACK,Y
75,8,GERMAN,HARDBACK,Y
76,8,JAPANESE,HARDBACK,Y
77,8,KOREAN,HARDBACK,Y
78,8,LATIN,HARDBACK,Y
79,8,PORTUGES,HARDBACK,Y
80,8,SPANISH,HARDBACK,Y
81,9,ARABIC,HARDBACK,Y
82,9,CHINESE,HARDBACK,Y
83,9,ENGLISH,HARDBACK,Y
84,9,FRENCH,HARDBACK,Y
85,9,GERMAN,HARDBACK,Y
86,9,JAPANESE,HARDBACK,Y
87,9,KOREAN,HARDBACK,Y
88,9,LATIN,HARDBACK,Y
89,9,PORTUGES,HARDBACK,Y
90,9,SPANISH,HARDBACK,Y
91,10,ARABIC,HARDBACK,Y
92,10,CHINESE,HARDBACK,Y
93,10,ENGLISH,HARDBACK,Y
94,10,FRENCH,HARDBACK,Y
95,10,GERMAN,HARDBACK,Y
96,10,JAPANESE,HARDBACK,Y
97,10,KOREAN,HARDBACK,Y
98,10,LATIN,HARDBACK,Y
99,10,PORTUGES,HARDBACK,Y
100,10,SPANISH,HARDBACK,Y
101,11,ARABIC,HARDBACK,Y
102,11,CHINESE,HARDBACK,Y
103,11,ENGLISH,HARDBACK,Y
104,11,FRENCH,HARDBACK,Y
105,11,GERMAN,HARDBACK,Y
106,11,JAPANESE,HARDBACK,Y
107,11,KOREAN,HARDBACK,Y
108,11,LATIN,HARDBACK,Y
109,11,PORTUGES,HARDBACK,Y
110,11,SPANISH,HARDBACK,Y
111,12,ARABIC,HARDBACK,Y
112,12,CHINESE,HARDBACK,Y
113,12,ENGLISH,HARDBACK,Y
114,12,FRENCH,HARDBACK,Y
115,12,GERMAN,HARDBACK,Y
116,12,JAPANESE,HARDBACK,Y
117,12,KOREAN,HARDBACK,Y
118,12,LATIN,HARDBACK,Y
119,12,PORTUGES,HARDBACK,Y
120,12,SPANISH,HARDBACK,Y
121,13,ARABIC,HARDBACK,Y
122,13,CHINESE,HARDBACK,Y
123,13,ENGLISH,HARDBACK,Y
124,13,FRENCH,HARDBACK,Y
125,13,GERMAN,HARDBACK,Y
126,13,JAPANESE,HARDBACK,Y
127,13,KOREAN,HARDBACK,Y
128,13,LATIN,HARDBACK,Y
129,13,PORTUGES,HARDBACK,Y
130,13,SPANISH,HARDBACK,Y
131,14,ARABIC,HARDBACK,Y
132,14,CHINESE,HARDBACK,Y
133,14,ENGLISH,HARDBACK,Y
134,14,FRENCH,HARDBACK,Y
135,14,GERMAN,HARDBACK,Y
136,14,JAPANESE,HARDBACK,Y
137,14,KOREAN,HARDBACK,Y
138,14,LATIN,HARDBACK,Y
139,14,PORTUGES,HARDBACK,Y
140,14,SPANISH,HARDBACK,Y
141,15,ARABIC,HARDBACK,Y
142,15,CHINESE,HARDBACK,Y
143,15,ENGLISH,HARDBACK,Y
144,15,FRENCH,HARDBACK,Y
145,15,GERMAN,HARDBACK,Y
146,15,JAPANESE,HARDBACK,Y
147,15,KOREAN,HARDBACK,Y
148,15,LATIN,HARDBACK,Y
149,15,PORTUGES,HARDBACK,Y
150,15,SPANISH,HARDBACK,Y
151,16,ARABIC,HARDBACK,Y
152,16,CHINESE,HARDBACK,Y
153,16,ENGLISH,HARDBACK,Y
154,16,FRENCH,HARDBACK,Y
155,16,GERMAN,HARDBACK,Y
156,16,JAPANESE,HARDBACK,Y
157,16,KOREAN,HARDBACK,Y
158,16,LATIN,HARDBACK,Y
159,16,PORTUGES,HARDBACK,Y
160,16,SPANISH,HARDBACK,Y
161,17,ARABIC,HARDBACK,Y
162,17,CHINESE,HARDBACK,Y
163,17,ENGLISH,HARDBACK,Y
164,17,FRENCH,HARDBACK,Y
165,17,GERMAN,HARDBACK,Y
166,17,JAPANESE,HARDBACK,Y
167,17,KOREAN,HARDBACK,Y
168,17,LATIN,HARDBACK,Y
169,17,PORTUGES,HARDBACK,Y
170,17,SPANISH,HARDBACK,Y
171,18,ARABIC,HARDBACK,Y
172,18,CHINESE,HARDBACK,Y
173,18,ENGLISH,HARDBACK,Y
174,18,FRENCH,HARDBACK,Y
175,18,GERMAN,HARDBACK,Y
176,18,JAPANESE,HARDBACK,Y
177,18,KOREAN,HARDBACK,Y
178,18,LATIN,HARDBACK,Y
179,18,PORTUGES,HARDBACK,Y
180,18,SPANISH,HARDBACK,Y
181,19,ARABIC,HARDBACK,Y
182,19,CHINESE,HARDBACK,Y
183,19,ENGLISH,HARDBACK,Y
184,19,FRENCH,HARDBACK,Y
185,19,GERMAN,HARDBACK,Y
186,19,JAPANESE,HARDBACK,Y
187,19,KOREAN,HARDBACK,Y
188,19,LATIN,HARDBACK,Y
189,19,PORTUGES,HARDBACK,Y
190,19,SPANISH,HARDBACK,Y
191,20,ARABIC,HARDBACK,Y
192,20,CHINESE,HARDBACK,Y
193,20,ENGLISH,HARDBACK,Y
194,20,FRENCH,HARDBACK,Y
195,20,GERMAN,HARDBACK,Y
196,20,JAPANESE,HARDBACK,Y
197,20,KOREAN,HARDBACK,Y
198,20,LATIN,HARDBACK,Y
199,20,PORTUGES,HARDBACK,Y
200,20,SPANISH,HARDBACK,Y
201,21,ARABIC,HARDBACK,Y
202,21,CHINESE,HARDBACK,Y
203,21,ENGLISH,HARDBACK,Y
204,21,FRENCH,HARDBACK,Y
205,21,GERMAN,HARDBACK,Y
206,21,JAPANESE,HARDBACK,Y
207,21,KOREAN,HARDBACK,Y
208,21,LATIN,HARDBACK,Y
209,21,PORTUGES,HARDBACK,Y
210,21,SPANISH,HARDBACK,Y
211,22,ARABIC,HARDBACK,Y
212,22,CHINESE,HARDBACK,Y
213,22,ENGLISH,HARDBACK,Y
214,22,FRENCH,HARDBACK,Y
215,22,GERMAN,HARDBACK,Y
216,22,JAPANESE,HARDBACK,Y
217,22,KOREAN,HARDBACK,Y
218,22,LATIN,HARDBACK,Y
219,22,PORTUGES,HARDBACK,Y
220,22,SPANISH,HARDBACK,Y
221,23,ARABIC,HARDBACK,Y
222,23,CHINESE,HARDBACK,Y
223,23,ENGLISH,HARDBACK,Y
224,23,FRENCH,HARDBACK,Y
225,23,GERMAN,HARDBACK,Y
226,23,JAPANESE,HARDBACK,Y
227,23,KOREAN,HARDBACK,Y
228,23,LATIN,HARDBACK,Y
229,23,PORTUGES,HARDBACK,Y
230,23,SPANISH,HARDBACK,Y
231,24,ARABIC,HARDBACK,Y
232,24,CHINESE,HARDBACK,Y
233,24,ENGLISH,HARDBACK,Y
234,24,FRENCH,HARDBACK,Y
235,24,GERMAN,HARDBACK,Y
236,24,JAPANESE,HARDBACK,Y
237,24,KOREAN,HARDBACK,Y
238,24,LATIN,HARDBACK,Y
239,24,PORTUGES,HARDBACK,Y
240,24,SPANISH,HARDBACK,Y
241,25,ARABIC,HARDBACK,Y
242,25,CHINESE,HARDBACK,Y
243,25,ENGLISH,HARDBACK,Y
244,25,FRENCH,HARDBACK,Y
245,25,GERMAN,HARDBACK,Y
246,25,JAPANESE,HARDBACK,Y
247,25,KOREAN,HARDBACK,Y
248,25,LATIN,HARDBACK,Y
249,25,PORTUGES,HARDBACK,Y
250,25,SPANISH,HARDBACK,Y
251,26,ARABIC,HARDBACK,Y
252,26,CHINESE,HARDBACK,Y
253,26,ENGLISH,HARDBACK,Y
254,26,FRENCH,HARDBACK,Y
255,26,GERMAN,HARDBACK,Y
256,26,JAPANESE,HARDBACK,Y
257,26,KOREAN,HARDBACK,Y
258,26,LATIN,HARDBACK,Y
259,26,PORTUGES,HARDBACK,Y
260,26,SPANISH,HARDBACK,Y
261,27,ARABIC,HARDBACK,Y
262,27,CHINESE,HARDBACK,Y
263,27,ENGLISH,HARDBACK,Y
264,27,FRENCH,HARDBACK,Y
265,27,GERMAN,HARDBACK,Y
266,27,JAPANESE,HARDBACK,Y
267,27,KOREAN,HARDBACK,Y
268,27,LATIN,HARDBACK,Y
269,27,PORTUGES,HARDBACK,Y
270,27,SPANISH,HARDBACK,Y
271,28,ARABIC,HARDBACK,Y
272,28,CHINESE,HARDBACK,Y
273,28,ENGLISH,HARDBACK,Y
274,28,FRENCH,HARDBACK,Y
275,28,GERMAN,HARDBACK,Y
276,28,JAPANESE,HARDBACK,Y
277,28,KOREAN,HARDBACK,Y
278,28,LATIN,HARDBACK,Y
279,28,PORTUGES,HARDBACK,Y
280,28,SPANISH,HARDBACK,Y
281,29,ARABIC,HARDBACK,Y
282,29,CHINESE,HARDBACK,Y
283,29,ENGLISH,HARDBACK,Y
284,29,FRENCH,HARDBACK,Y
285,29,GERMAN,HARDBACK,Y
286,29,JAPANESE,HARDBACK,Y
287,29,KOREAN,HARDBACK,Y
288,29,LATIN,HARDBACK,Y
289,29,PORTUGES,HARDBACK,Y
290,29,SPANISH,HARDBACK,Y
291,30,ARABIC,HARDBACK,Y
292,30,CHINESE,HARDBACK,Y
293,30,ENGLISH,HARDBACK,Y
294,30,FRENCH,HARDBACK,Y
295,30,GERMAN,HARDBACK,Y
296,30,JAPANESE,HARDBACK,Y
297,30,KOREAN,HARDBACK,Y
298,30,LATIN,HARDBACK,Y
299,30,PORTUGES,HARDBACK,Y
300,30,SPANISH,HARDBACK,Y
301,31,ARABIC,HARDBACK,Y
302,31,CHINESE,HARDBACK,Y
303,31,ENGLISH,HARDBACK,Y
304,31,FRENCH,HARDBACK,Y
305,31,GERMAN,HARDBACK,Y
306,31,JAPANESE,HARDBACK,Y
307,31,KOREAN,HARDBACK,Y
308,31,LATIN,HARDBACK,Y
309,31,PORTUGES,HARDBACK,Y
310,31,SPANISH,HARDBACK,Y
311,32,ARABIC,HARDBACK,Y
312,32,CHINESE,HARDBACK,Y
313,32,ENGLISH,HARDBACK,Y
314,32,FRENCH,HARDBACK,Y
315,32,GERMAN,HARDBACK,Y
316,32,JAPANESE,HARDBACK,Y
317,32,KOREAN,HARDBACK,Y
318,32,LATIN,HARDBACK,Y
319,32,PORTUGES,HARDBACK,Y
320,32,SPANISH,HARDBACK,Y
321,33,ARABIC,HARDBACK,Y
322,33,CHINESE,HARDBACK,Y
323,33,ENGLISH,HARDBACK,Y
324,33,FRENCH,HARDBACK,Y
325,33,GERMAN,HARDBACK,Y
326,33,JAPANESE,HARDBACK,Y
327,33,KOREAN,HARDBACK,Y
328,33,LATIN,HARDBACK,Y
329,33,PORTUGES,HARDBACK,Y
330,33,SPANISH,HARDBACK,Y
331,34,ARABIC,HARDBACK,Y
332,34,CHINESE,HARDBACK,Y
333,34,ENGLISH,HARDBACK,Y
334,34,FRENCH,HARDBACK,Y
335,34,GERMAN,HARDBACK,Y
336,34,JAPANESE,HARDBACK,Y
337,34,KOREAN,HARDBACK,Y
338,34,LATIN,HARDBACK,Y
339,34,PORTUGES,HARDBACK,Y
340,34,SPANISH,HARDBACK,Y
341,35,ARABIC,HARDBACK,Y
342,35,CHINESE,HARDBACK,Y
343,35,ENGLISH,HARDBACK,Y
344,35,FRENCH,HARDBACK,Y
345,35,GERMAN,HARDBACK,Y
346,35,JAPANESE,HARDBACK,Y
347,35,KOREAN,HARDBACK,Y
348,35,LATIN,HARDBACK,Y
349,35,PORTUGES,HARDBACK,Y
350,35,SPANISH,HARDBACK,Y
351,36,ARABIC,HARDBACK,Y
352,36,CHINESE,HARDBACK,Y
353,36,ENGLISH,HARDBACK,Y
354,36,FRENCH,HARDBACK,Y
355,36,GERMAN,HARDBACK,Y
356,36,JAPANESE,HARDBACK,Y
357,36,KOREAN,HARDBACK,Y
358,36,LATIN,HARDBACK,Y
359,36,PORTUGES,HARDBACK,Y
360,36,SPANISH,HARDBACK,Y
361,37,ARABIC,HARDBACK,Y
362,37,CHINESE,HARDBACK,Y
363,37,ENGLISH,HARDBACK,Y
364,37,FRENCH,HARDBACK,Y
365,37,GERMAN,HARDBACK,Y
366,37,JAPANESE,HARDBACK,Y
367,37,KOREAN,HARDBACK,Y
368,37,LATIN,HARDBACK,Y
369,37,PORTUGES,HARDBACK,Y
370,37,SPANISH,HARDBACK,Y
371,38,ARABIC,HARDBACK,Y
372,38,CHINESE,HARDBACK,Y
373,38,ENGLISH,HARDBACK,Y
374,38,FRENCH,HARDBACK,Y
375,38,GERMAN,HARDBACK,Y
376,38,JAPANESE,HARDBACK,Y
377,38,KOREAN,HARDBACK,Y
378,38,LATIN,HARDBACK,Y
379,38,PORTUGES,HARDBACK,Y
380,38,SPANISH,HARDBACK,Y
381,39,ARABIC,HARDBACK,Y
382,39,CHINESE,HARDBACK,Y
383,39,ENGLISH,HARDBACK,Y
384,39,FRENCH,HARDBACK,Y
385,39,GERMAN,HARDBACK,Y
386,39,JAPANESE,HARDBACK,Y
387,39,KOREAN,HARDBACK,Y
388,39,LATIN,HARDBACK,Y
389,39,PORTUGES,HARDBACK,Y
390,39,SPANISH,HARDBACK,Y
391,40,ARABIC,HARDBACK,Y
392,40,CHINESE,HARDBACK,Y
393,40,ENGLISH,HARDBACK,Y
394,40,FRENCH,HARDBACK,Y
395,40,GERMAN,HARDBACK,Y
396,40,JAPANESE,HARDBACK,Y
397,40,KOREAN,HARDBACK,Y
398,40,LATIN,HARDBACK,Y
399,40,PORTUGES,HARDBACK,Y
400,40,SPANISH,HARDBACK,Y
401,41,ARABIC,HARDBACK,Y
402,41,CHINESE,HARDBACK,Y
403,41,ENGLISH,HARDBACK,Y
404,41,FRENCH,HARDBACK,Y
405,41,GERMAN,HARDBACK,Y
406,41,JAPANESE,HARDBACK,Y
407,41,KOREAN,HARDBACK,Y
408,41,LATIN,HARDBACK,Y
409,41,PORTUGES,HARDBACK,Y
410,41,SPANISH,HARDBACK,Y
411,42,ARABIC,HARDBACK,Y
412,42,CHINESE,HARDBACK,Y
413,42,ENGLISH,HARDBACK,Y
414,42,FRENCH,HARDBACK,Y
415,42,GERMAN,HARDBACK,Y
416,42,JAPANESE,HARDBACK,Y
417,42,KOREAN,HARDBACK,Y
418,42,LATIN,HARDBACK,Y
419,42,PORTUGES,HARDBACK,Y
420,42,SPANISH,HARDBACK,Y
421,43,ARABIC,HARDBACK,Y
422,43,CHINESE,HARDBACK,Y
423,43,ENGLISH,HARDBACK,Y
424,43,FRENCH,HARDBACK,Y
425,43,GERMAN,HARDBACK,Y
426,43,JAPANESE,HARDBACK,Y
427,43,KOREAN,HARDBACK,Y
428,43,LATIN,HARDBACK,Y
429,43,PORTUGES,HARDBACK,Y
430,43,SPANISH,HARDBACK,Y
431,44,ARABIC,HARDBACK,Y
432,44,CHINESE,HARDBACK,Y
433,44,ENGLISH,HARDBACK,Y
434,44,FRENCH,HARDBACK,Y
435,44,GERMAN,HARDBACK,Y
436,44,JAPANESE,HARDBACK,Y
437,44,KOREAN,HARDBACK,Y
438,44,LATIN,HARDBACK,Y
439,44,PORTUGES,HARDBACK,Y
440,44,SPANISH,HARDBACK,Y
441,45,ARABIC,HARDBACK,Y
442,45,CHINESE,HARDBACK,Y
443,45,ENGLISH,HARDBACK,Y
444,45,FRENCH,HARDBACK,Y
445,45,GERMAN,HARDBACK,Y
446,45,JAPANESE,HARDBACK,Y
447,45,KOREAN,HARDBACK,Y
448,45,LATIN,HARDBACK,Y
449,45,PORTUGES,HARDBACK,Y
450,45,SPANISH,HARDBACK,Y
451,46,ARABIC,HARDBACK,Y
452,46,CHINESE,HARDBACK,Y
453,46,ENGLISH,HARDBACK,Y
454,46,FRENCH,HARDBACK,Y
455,46,GERMAN,HARDBACK,Y
456,46,JAPANESE,HARDBACK,Y
457,46,KOREAN,HARDBACK,Y
458,46,LATIN,HARDBACK,Y
459,46,PORTUGES,HARDBACK,Y
460,46,SPANISH,HARDBACK,Y
461,47,ARABIC,HARDBACK,Y
462,47,CHINESE,HARDBACK,Y
463,47,ENGLISH,HARDBACK,Y
464,47,FRENCH,HARDBACK,Y
465,47,GERMAN,HARDBACK,Y
466,47,JAPANESE,HARDBACK,Y
467,47,KOREAN,HARDBACK,Y
468,47,LATIN,HARDBACK,Y
469,47,PORTUGES,HARDBACK,Y
470,47,SPANISH,HARDBACK,Y
471,48,ARABIC,HARDBACK,Y
472,48,CHINESE,HARDBACK,Y
473,48,ENGLISH,HARDBACK,Y
474,48,FRENCH,HARDBACK,Y
475,48,GERMAN,HARDBACK,Y
476,48,JAPANESE,HARDBACK,Y
477,48,KOREAN,HARDBACK,Y
478,48,LATIN,HARDBACK,Y
479,48,PORTUGES,HARDBACK,Y
480,48,SPANISH,HARDBACK,Y
481,49,ARABIC,HARDBACK,Y
482,49,CHINESE,HARDBACK,Y
483,49,ENGLISH,HARDBACK,Y
484,49,FRENCH,HARDBACK,Y
485,49,GERMAN,HARDBACK,Y
486,49,JAPANESE,HARDBACK,Y
487,49,KOREAN,HARDBACK,Y
488,49,LATIN,HARDBACK,Y
489,49,PORTUGES,HARDBACK,Y
490,49,SPANISH,HARDBACK,Y
491,50,ARABIC,HARDBACK,Y
492,50,CHINESE,HARDBACK,Y
493,50,ENGLISH,HARDBACK,Y
494,50,FRENCH,HARDBACK,Y
495,50,GERMAN,HARDBACK,Y
496,50,JAPANESE,HARDBACK,Y
497,50,KOREAN,HARDBACK,Y
498,50,LATIN,HARDBACK,Y
499,50,PORTUGES,HARDBACK,Y
500,50,SPANISH,HARDBACK,Y
501,1,ARABIC,SOFTBACK,Y
502,1,CHINESE,SOFTBACK,Y
503,1,ENGLISH,SOFTBACK,Y
504,1,FRENCH,SOFTBACK,Y
505,1,GERMAN,SOFTBACK,Y
506,1,JAPANESE,SOFTBACK,Y
507,1,KOREAN,SOFTBACK,Y
508,1,LATIN,SOFTBACK,Y
509,1,PORTUGES,SOFTBACK,Y
510,1,SPANISH,SOFTBACK,Y
511,2,ARABIC,SOFTBACK,Y
512,2,CHINESE,SOFTBACK,Y
513,2,ENGLISH,SOFTBACK,Y
514,2,FRENCH,SOFTBACK,Y
515,2,GERMAN,SOFTBACK,Y
516,2,JAPANESE,SOFTBACK,Y
517,2,KOREAN,SOFTBACK,Y
518,2,LATIN,SOFTBACK,Y
519,2,PORTUGES,SOFTBACK,Y
520,2,SPANISH,SOFTBACK,Y
521,3,ARABIC,SOFTBACK,Y
522,3,CHINESE,SOFTBACK,Y
523,3,ENGLISH,SOFTBACK,Y
524,3,FRENCH,SOFTBACK,Y
525,3,GERMAN,SOFTBACK,Y
526,3,JAPANESE,SOFTBACK,Y
527,3,KOREAN,SOFTBACK,Y
528,3,LATIN,SOFTBACK,Y
529,3,PORTUGES,SOFTBACK,Y
530,3,SPANISH,SOFTBACK,Y
531,4,ARABIC,SOFTBACK,Y
532,4,CHINESE,SOFTBACK,Y
533,4,ENGLISH,SOFTBACK,Y
534,4,FRENCH,SOFTBACK,Y
535,4,GERMAN,SOFTBACK,Y
536,4,JAPANESE,SOFTBACK,Y
537,4,KOREAN,SOFTBACK,Y
538,4,LATIN,SOFTBACK,Y
539,4,PORTUGES,SOFTBACK,Y
540,4,SPANISH,SOFTBACK,Y
541,5,ARABIC,SOFTBACK,Y
542,5,CHINESE,SOFTBACK,Y
543,5,ENGLISH,SOFTBACK,Y
544,5,FRENCH,SOFTBACK,Y
545,5,GERMAN,SOFTBACK,Y
546,5,JAPANESE,SOFTBACK,Y
547,5,KOREAN,SOFTBACK,Y
548,5,LATIN,SOFTBACK,Y
549,5,PORTUGES,SOFTBACK,Y
550,5,SPANISH,SOFTBACK,Y
551,6,ARABIC,SOFTBACK,Y
552,6,CHINESE,SOFTBACK,Y
553,6,ENGLISH,SOFTBACK,Y
554,6,FRENCH,SOFTBACK,Y
555,6,GERMAN,SOFTBACK,Y
556,6,JAPANESE,SOFTBACK,Y
557,6,KOREAN,SOFTBACK,Y
558,6,LATIN,SOFTBACK,Y
559,6,PORTUGES,SOFTBACK,Y
560,6,SPANISH,SOFTBACK,Y
561,7,ARABIC,SOFTBACK,Y
562,7,CHINESE,SOFTBACK,Y
563,7,ENGLISH,SOFTBACK,Y
564,7,FRENCH,SOFTBACK,Y
565,7,GERMAN,SOFTBACK,Y
566,7,JAPANESE,SOFTBACK,Y
567,7,KOREAN,SOFTBACK,Y
568,7,LATIN,SOFTBACK,Y
569,7,PORTUGES,SOFTBACK,Y
570,7,SPANISH,SOFTBACK,Y
571,8,ARABIC,SOFTBACK,Y
572,8,CHINESE,SOFTBACK,Y
573,8,ENGLISH,SOFTBACK,Y
574,8,FRENCH,SOFTBACK,Y
575,8,GERMAN,SOFTBACK,Y
576,8,JAPANESE,SOFTBACK,Y
577,8,KOREAN,SOFTBACK,Y
578,8,LATIN,SOFTBACK,Y
579,8,PORTUGES,SOFTBACK,Y
580,8,SPANISH,SOFTBACK,Y
581,9,ARABIC,SOFTBACK,Y
582,9,CHINESE,SOFTBACK,Y
583,9,ENGLISH,SOFTBACK,Y
584,9,FRENCH,SOFTBACK,Y
585,9,GERMAN,SOFTBACK,Y
586,9,JAPANESE,SOFTBACK,Y
587,9,KOREAN,SOFTBACK,Y
588,9,LATIN,SOFTBACK,Y
589,9,PORTUGES,SOFTBACK,Y
590,9,SPANISH,SOFTBACK,Y
591,10,ARABIC,SOFTBACK,Y
592,10,CHINESE,SOFTBACK,Y
593,10,ENGLISH,SOFTBACK,Y
594,10,FRENCH,SOFTBACK,Y
595,10,GERMAN,SOFTBACK,Y
596,10,JAPANESE,SOFTBACK,Y
597,10,KOREAN,SOFTBACK,Y
598,10,LATIN,SOFTBACK,Y
599,10,PORTUGES,SOFTBACK,Y
600,10,SPANISH,SOFTBACK,Y
601,11,ARABIC,SOFTBACK,Y
602,11,CHINESE,SOFTBACK,Y
603,11,ENGLISH,SOFTBACK,Y
604,11,FRENCH,SOFTBACK,Y
605,11,GERMAN,SOFTBACK,Y
606,11,JAPANESE,SOFTBACK,Y
607,11,KOREAN,SOFTBACK,Y
608,11,LATIN,SOFTBACK,Y
609,11,PORTUGES,SOFTBACK,Y
610,11,SPANISH,SOFTBACK,Y
611,12,ARABIC,SOFTBACK,Y
612,12,CHINESE,SOFTBACK,Y
613,12,ENGLISH,SOFTBACK,Y
614,12,FRENCH,SOFTBACK,Y
615,12,GERMAN,SOFTBACK,Y
616,12,JAPANESE,SOFTBACK,Y
617,12,KOREAN,SOFTBACK,Y
618,12,LATIN,SOFTBACK,Y
619,12,PORTUGES,SOFTBACK,Y
620,12,SPANISH,SOFTBACK,Y
621,13,ARABIC,SOFTBACK,Y
622,13,CHINESE,SOFTBACK,Y
623,13,ENGLISH,SOFTBACK,Y
624,13,FRENCH,SOFTBACK,Y
625,13,GERMAN,SOFTBACK,Y
626,13,JAPANESE,SOFTBACK,Y
627,13,KOREAN,SOFTBACK,Y
628,13,LATIN,SOFTBACK,Y
629,13,PORTUGES,SOFTBACK,Y
630,13,SPANISH,SOFTBACK,Y
631,14,ARABIC,SOFTBACK,Y
632,14,CHINESE,SOFTBACK,Y
633,14,ENGLISH,SOFTBACK,Y
634,14,FRENCH,SOFTBACK,Y
635,14,GERMAN,SOFTBACK,Y
636,14,JAPANESE,SOFTBACK,Y
637,14,KOREAN,SOFTBACK,Y
638,14,LATIN,SOFTBACK,Y
639,14,PORTUGES,SOFTBACK,Y
640,14,SPANISH,SOFTBACK,Y
641,15,ARABIC,SOFTBACK,Y
642,15,CHINESE,SOFTBACK,Y
643,15,ENGLISH,SOFTBACK,Y
644,15,FRENCH,SOFTBACK,Y
645,15,GERMAN,SOFTBACK,Y
646,15,JAPANESE,SOFTBACK,Y
647,15,KOREAN,SOFTBACK,Y
648,15,LATIN,SOFTBACK,Y
649,15,PORTUGES,SOFTBACK,Y
650,15,SPANISH,SOFTBACK,Y
651,16,ARABIC,SOFTBACK,Y
652,16,CHINESE,SOFTBACK,Y
653,16,ENGLISH,SOFTBACK,Y
654,16,FRENCH,SOFTBACK,Y
655,16,GERMAN,SOFTBACK,Y
656,16,JAPANESE,SOFTBACK,Y
657,16,KOREAN,SOFTBACK,Y
658,16,LATIN,SOFTBACK,Y
659,16,PORTUGES,SOFTBACK,Y
660,16,SPANISH,SOFTBACK,Y
661,17,ARABIC,SOFTBACK,Y
662,17,CHINESE,SOFTBACK,Y
663,17,ENGLISH,SOFTBACK,Y
664,17,FRENCH,SOFTBACK,Y
665,17,GERMAN,SOFTBACK,Y
666,17,JAPANESE,SOFTBACK,Y
667,17,KOREAN,SOFTBACK,Y
668,17,LATIN,SOFTBACK,Y
669,17,PORTUGES,SOFTBACK,Y
670,17,SPANISH,SOFTBACK,Y
671,18,ARABIC,SOFTBACK,Y
672,18,CHINESE,SOFTBACK,Y
673,18,ENGLISH,SOFTBACK,Y
674,18,FRENCH,SOFTBACK,Y
675,18,GERMAN,SOFTBACK,Y
676,18,JAPANESE,SOFTBACK,Y
677,18,KOREAN,SOFTBACK,Y
678,18,LATIN,SOFTBACK,Y
679,18,PORTUGES,SOFTBACK,Y
680,18,SPANISH,SOFTBACK,Y
681,19,ARABIC,SOFTBACK,Y
682,19,CHINESE,SOFTBACK,Y
683,19,ENGLISH,SOFTBACK,Y
684,19,FRENCH,SOFTBACK,Y
685,19,GERMAN,SOFTBACK,Y
686,19,JAPANESE,SOFTBACK,Y
687,19,KOREAN,SOFTBACK,Y
688,19,LATIN,SOFTBACK,Y
689,19,PORTUGES,SOFTBACK,Y
690,19,SPANISH,SOFTBACK,Y
691,20,ARABIC,SOFTBACK,Y
692,20,CHINESE,SOFTBACK,Y
693,20,ENGLISH,SOFTBACK,Y
694,20,FRENCH,SOFTBACK,Y
695,20,GERMAN,SOFTBACK,Y
696,20,JAPANESE,SOFTBACK,Y
697,20,KOREAN,SOFTBACK,Y
698,20,LATIN,SOFTBACK,Y
699,20,PORTUGES,SOFTBACK,Y
700,20,SPANISH,SOFTBACK,Y
701,21,ARABIC,SOFTBACK,Y
702,21,CHINESE,SOFTBACK,Y
703,21,ENGLISH,SOFTBACK,Y
704,21,FRENCH,SOFTBACK,Y
705,21,GERMAN,SOFTBACK,Y
706,21,JAPANESE,SOFTBACK,Y
707,21,KOREAN,SOFTBACK,Y
708,21,LATIN,SOFTBACK,Y
709,21,PORTUGES,SOFTBACK,Y
710,21,SPANISH,SOFTBACK,Y
711,22,ARABIC,SOFTBACK,Y
712,22,CHINESE,SOFTBACK,Y
713,22,ENGLISH,SOFTBACK,Y
714,22,FRENCH,SOFTBACK,Y
715,22,GERMAN,SOFTBACK,Y
716,22,JAPANESE,SOFTBACK,Y
717,22,KOREAN,SOFTBACK,Y
718,22,LATIN,SOFTBACK,Y
719,22,PORTUGES,SOFTBACK,Y
720,22,SPANISH,SOFTBACK,Y
721,23,ARABIC,SOFTBACK,Y
722,23,CHINESE,SOFTBACK,Y
723,23,ENGLISH,SOFTBACK,Y
724,23,FRENCH,SOFTBACK,Y
725,23,GERMAN,SOFTBACK,Y
726,23,JAPANESE,SOFTBACK,Y
727,23,KOREAN,SOFTBACK,Y
728,23,LATIN,SOFTBACK,Y
729,23,PORTUGES,SOFTBACK,Y
730,23,SPANISH,SOFTBACK,Y
731,24,ARABIC,SOFTBACK,Y
732,24,CHINESE,SOFTBACK,Y
733,24,ENGLISH,SOFTBACK,Y
734,24,FRENCH,SOFTBACK,Y
735,24,GERMAN,SOFTBACK,Y
736,24,JAPANESE,SOFTBACK,Y
737,24,KOREAN,SOFTBACK,Y
738,24,LATIN,SOFTBACK,Y
739,24,PORTUGES,SOFTBACK,Y
740,24,SPANISH,SOFTBACK,Y
741,25,ARABIC,SOFTBACK,Y
742,25,CHINESE,SOFTBACK,Y
743,25,ENGLISH,SOFTBACK,Y
744,25,FRENCH,SOFTBACK,Y
745,25,GERMAN,SOFTBACK,Y
746,25,JAPANESE,SOFTBACK,Y
747,25,KOREAN,SOFTBACK,Y
748,25,LATIN,SOFTBACK,Y
749,25,PORTUGES,SOFTBACK,Y
750,25,SPANISH,SOFTBACK,Y
751,26,ARABIC,SOFTBACK,Y
752,26,CHINESE,SOFTBACK,Y
753,26,ENGLISH,SOFTBACK,Y
754,26,FRENCH,SOFTBACK,Y
755,26,GERMAN,SOFTBACK,Y
756,26,JAPANESE,SOFTBACK,Y
757,26,KOREAN,SOFTBACK,Y
758,26,LATIN,SOFTBACK,Y
759,26,PORTUGES,SOFTBACK,Y
760,26,SPANISH,SOFTBACK,Y
761,27,ARABIC,SOFTBACK,Y
762,27,CHINESE,SOFTBACK,Y
763,27,ENGLISH,SOFTBACK,Y
764,27,FRENCH,SOFTBACK,Y
765,27,GERMAN,SOFTBACK,Y
766,27,JAPANESE,SOFTBACK,Y
767,27,KOREAN,SOFTBACK,Y
768,27,LATIN,SOFTBACK,Y
769,27,PORTUGES,SOFTBACK,Y
770,27,SPANISH,SOFTBACK,Y
771,28,ARABIC,SOFTBACK,Y
772,28,CHINESE,SOFTBACK,Y
773,28,ENGLISH,SOFTBACK,Y
774,28,FRENCH,SOFTBACK,Y
775,28,GERMAN,SOFTBACK,Y
776,28,JAPANESE,SOFTBACK,Y
777,28,KOREAN,SOFTBACK,Y
778,28,LATIN,SOFTBACK,Y
779,28,PORTUGES,SOFTBACK,Y
780,28,SPANISH,SOFTBACK,Y
781,29,ARABIC,SOFTBACK,Y
782,29,CHINESE,SOFTBACK,Y
783,29,ENGLISH,SOFTBACK,Y
784,29,FRENCH,SOFTBACK,Y
785,29,GERMAN,SOFTBACK,Y
786,29,JAPANESE,SOFTBACK,Y
787,29,KOREAN,SOFTBACK,Y
788,29,LATIN,SOFTBACK,Y
789,29,PORTUGES,SOFTBACK,Y
790,29,SPANISH,SOFTBACK,Y
791,30,ARABIC,SOFTBACK,Y
792,30,CHINESE,SOFTBACK,Y
793,30,ENGLISH,SOFTBACK,Y
794,30,FRENCH,SOFTBACK,Y
795,30,GERMAN,SOFTBACK,Y
796,30,JAPANESE,SOFTBACK,Y
797,30,KOREAN,SOFTBACK,Y
798,30,LATIN,SOFTBACK,Y
799,30,PORTUGES,SOFTBACK,Y
800,30,SPANISH,SOFTBACK,Y
801,31,ARABIC,SOFTBACK,Y
802,31,CHINESE,SOFTBACK,Y
803,31,ENGLISH,SOFTBACK,Y
804,31,FRENCH,SOFTBACK,Y
805,31,GERMAN,SOFTBACK,Y
806,31,JAPANESE,SOFTBACK,Y
807,31,KOREAN,SOFTBACK,Y
808,31,LATIN,SOFTBACK,Y
809,31,PORTUGES,SOFTBACK,Y
810,31,SPANISH,SOFTBACK,Y
811,32,ARABIC,SOFTBACK,Y
812,32,CHINESE,SOFTBACK,Y
813,32,ENGLISH,SOFTBACK,Y
814,32,FRENCH,SOFTBACK,Y
815,32,GERMAN,SOFTBACK,Y
816,32,JAPANESE,SOFTBACK,Y
817,32,KOREAN,SOFTBACK,Y
818,32,LATIN,SOFTBACK,Y
819,32,PORTUGES,SOFTBACK,Y
820,32,SPANISH,SOFTBACK,Y
821,33,ARABIC,SOFTBACK,Y
822,33,CHINESE,SOFTBACK,Y
823,33,ENGLISH,SOFTBACK,Y
824,33,FRENCH,SOFTBACK,Y
825,33,GERMAN,SOFTBACK,Y
826,33,JAPANESE,SOFTBACK,Y
827,33,KOREAN,SOFTBACK,Y
828,33,LATIN,SOFTBACK,Y
829,33,PORTUGES,SOFTBACK,Y
830,33,SPANISH,SOFTBACK,Y
831,34,ARABIC,SOFTBACK,Y
832,34,CHINESE,SOFTBACK,Y
833,34,ENGLISH,SOFTBACK,Y
834,34,FRENCH,SOFTBACK,Y
835,34,GERMAN,SOFTBACK,Y
836,34,JAPANESE,SOFTBACK,Y
837,34,KOREAN,SOFTBACK,Y
838,34,LATIN,SOFTBACK,Y
839,34,PORTUGES,SOFTBACK,Y
840,34,SPANISH,SOFTBACK,Y
841,35,ARABIC,SOFTBACK,Y
842,35,CHINESE,SOFTBACK,Y
843,35,ENGLISH,SOFTBACK,Y
844,35,FRENCH,SOFTBACK,Y
845,35,GERMAN,SOFTBACK,Y
846,35,JAPANESE,SOFTBACK,Y
847,35,KOREAN,SOFTBACK,Y
848,35,LATIN,SOFTBACK,Y
849,35,PORTUGES,SOFTBACK,Y
850,35,SPANISH,SOFTBACK,Y
851,36,ARABIC,SOFTBACK,Y
852,36,CHINESE,SOFTBACK,Y
853,36,ENGLISH,SOFTBACK,Y
854,36,FRENCH,SOFTBACK,Y
855,36,GERMAN,SOFTBACK,Y
856,36,JAPANESE,SOFTBACK,Y
857,36,KOREAN,SOFTBACK,Y
858,36,LATIN,SOFTBACK,Y
859,36,PORTUGES,SOFTBACK,Y
860,36,SPANISH,SOFTBACK,Y
861,37,ARABIC,SOFTBACK,Y
862,37,CHINESE,SOFTBACK,Y
863,37,ENGLISH,SOFTBACK,Y
864,37,FRENCH,SOFTBACK,Y
865,37,GERMAN,SOFTBACK,Y
866,37,JAPANESE,SOFTBACK,Y
867,37,KOREAN,SOFTBACK,Y
868,37,LATIN,SOFTBACK,Y
869,37,PORTUGES,SOFTBACK,Y
870,37,SPANISH,SOFTBACK,Y
871,38,ARABIC,SOFTBACK,Y
872,38,CHINESE,SOFTBACK,Y
873,38,ENGLISH,SOFTBACK,Y
874,38,FRENCH,SOFTBACK,Y
875,38,GERMAN,SOFTBACK,Y
876,38,JAPANESE,SOFTBACK,Y
877,38,KOREAN,SOFTBACK,Y
878,38,LATIN,SOFTBACK,Y
879,38,PORTUGES,SOFTBACK,Y
880,38,SPANISH,SOFTBACK,Y
881,39,ARABIC,SOFTBACK,Y
882,39,CHINESE,SOFTBACK,Y
883,39,ENGLISH,SOFTBACK,Y
884,39,FRENCH,SOFTBACK,Y
885,39,GERMAN,SOFTBACK,Y
886,39,JAPANESE,SOFTBACK,Y
887,39,KOREAN,SOFTBACK,Y
888,39,LATIN,SOFTBACK,Y
889,39,PORTUGES,SOFTBACK,Y
890,39,SPANISH,SOFTBACK,Y
891,40,ARABIC,SOFTBACK,Y
892,40,CHINESE,SOFTBACK,Y
893,40,ENGLISH,SOFTBACK,Y
894,40,FRENCH,SOFTBACK,Y
895,40,GERMAN,SOFTBACK,Y
896,40,JAPANESE,SOFTBACK,Y
897,40,KOREAN,SOFTBACK,Y
898,40,LATIN,SOFTBACK,Y
899,40,PORTUGES,SOFTBACK,Y
900,40,SPANISH,SOFTBACK,Y
901,41,ARABIC,SOFTBACK,Y
902,41,CHINESE,SOFTBACK,Y
903,41,ENGLISH,SOFTBACK,Y
904,41,FRENCH,SOFTBACK,Y
905,41,GERMAN,SOFTBACK,Y
906,41,JAPANESE,SOFTBACK,Y
907,41,KOREAN,SOFTBACK,Y
908,41,LATIN,SOFTBACK,Y
909,41,PORTUGES,SOFTBACK,Y
910,41,SPANISH,SOFTBACK,Y
911,42,ARABIC,SOFTBACK,Y
912,42,CHINESE,SOFTBACK,Y
913,42,ENGLISH,SOFTBACK,Y
914,42,FRENCH,SOFTBACK,Y
915,42,GERMAN,SOFTBACK,Y
916,42,JAPANESE,SOFTBACK,Y
917,42,KOREAN,SOFTBACK,Y
918,42,LATIN,SOFTBACK,Y
919,42,PORTUGES,SOFTBACK,Y
920,42,SPANISH,SOFTBACK,Y
921,43,ARABIC,SOFTBACK,Y
922,43,CHINESE,SOFTBACK,Y
923,43,ENGLISH,SOFTBACK,Y
924,43,FRENCH,SOFTBACK,Y
925,43,GERMAN,SOFTBACK,Y
926,43,JAPANESE,SOFTBACK,Y
927,43,KOREAN,SOFTBACK,Y
928,43,LATIN,SOFTBACK,Y
929,43,PORTUGES,SOFTBACK,Y
930,43,SPANISH,SOFTBACK,Y
931,44,ARABIC,SOFTBACK,Y
932,44,CHINESE,SOFTBACK,Y
933,44,ENGLISH,SOFTBACK,Y
934,44,FRENCH,SOFTBACK,Y
935,44,GERMAN,SOFTBACK,Y
936,44,JAPANESE,SOFTBACK,Y
937,44,KOREAN,SOFTBACK,Y
938,44,LATIN,SOFTBACK,Y
939,44,PORTUGES,SOFTBACK,Y
940,44,SPANISH,SOFTBACK,Y
941,45,ARABIC,SOFTBACK,Y
942,45,CHINESE,SOFTBACK,Y
943,45,ENGLISH,SOFTBACK,Y
944,45,FRENCH,SOFTBACK,Y
945,45,GERMAN,SOFTBACK,Y
946,45,JAPANESE,SOFTBACK,Y
947,45,KOREAN,SOFTBACK,Y
948,45,LATIN,SOFTBACK,Y
949,45,PORTUGES,SOFTBACK,Y
950,45,SPANISH,SOFTBACK,Y
951,46,ARABIC,SOFTBACK,Y
952,46,CHINESE,SOFTBACK,Y
953,46,ENGLISH,SOFTBACK,Y
954,46,FRENCH,SOFTBACK,Y
955,46,GERMAN,SOFTBACK,Y
956,46,JAPANESE,SOFTBACK,Y
957,46,KOREAN,SOFTBACK,Y
958,46,LATIN,SOFTBACK,Y
959,46,PORTUGES,SOFTBACK,Y
960,46,SPANISH,SOFTBACK,Y
961,47,ARABIC,SOFTBACK,Y
962,47,CHINESE,SOFTBACK,Y
963,47,ENGLISH,SOFTBACK,Y
964,47,FRENCH,SOFTBACK,Y
965,47,GERMAN,SOFTBACK,Y
966,47,JAPANESE,SOFTBACK,Y
967,47,KOREAN,SOFTBACK,Y
968,47,LATIN,SOFTBACK,Y
969,47,PORTUGES,SOFTBACK,Y
970,47,SPANISH,SOFTBACK,Y
971,48,ARABIC,SOFTBACK,Y
972,48,CHINESE,SOFTBACK,Y
973,48,ENGLISH,SOFTBACK,Y
974,48,FRENCH,SOFTBACK,Y
975,48,GERMAN,SOFTBACK,Y
976,48,JAPANESE,SOFTBACK,Y
977,48,KOREAN,SOFTBACK,Y
978,48,LATIN,SOFTBACK,Y
979,48,PORTUGES,SOFTBACK,Y
980,48,SPANISH,SOFTBACK,Y
981,49,ARABIC,SOFTBACK,Y
982,49,CHINESE,SOFTBACK,Y
983,49,ENGLISH,SOFTBACK,Y
984,49,FRENCH,SOFTBACK,Y
985,49,GERMAN,SOFTBACK,Y
986,49,JAPANESE,SOFTBACK,Y
987,49,KOREAN,SOFTBACK,Y
988,49,LATIN,SOFTBACK,Y
989,49,PORTUGES,SOFTBACK,Y
990,49,SPANISH,SOFTBACK,Y
991,50,ARABIC,SOFTBACK,Y
992,50,CHINESE,SOFTBACK,Y
993,50,ENGLISH,SOFTBACK,Y
994,50,FRENCH,SOFTBACK,Y
995,50,GERMAN,SOFTBACK,Y
996,50,JAPANESE,SOFTBACK,Y
997,50,KOREAN,SOFTBACK,Y
998,50,LATIN,SOFTBACK,Y
999,50,PORTUGES,SOFTBACK,Y
1000,50,SPANISH,SOFTBACK,Y
