1,5,12/26/06 23:18:08,1,37,1/09/07 23:18:08,12/31/06 23:18:08,NULL,NULL,NULL,NULL
1,5,1/09/07 23:18:08,1,37,1/23/07 23:18:08,1/14/07 23:18:08,NULL,NULL,NULL,NULL
1,5,1/23/07 23:18:08,1,37,2/06/07 23:18:08,1/28/07 23:18:08,NULL,NULL,NULL,NULL
1,5,2/06/07 23:18:08,1,37,2/20/07 23:18:08,2/11/07 23:18:08,NULL,NULL,NULL,NULL
1,5,2/20/07 23:18:08,1,37,3/06/07 23:18:08,2/25/07 23:18:08,NULL,NULL,NULL,NULL
1,5,3/06/07 23:18:08,1,37,3/20/07 23:18:08,3/11/07 23:18:08,NULL,NULL,NULL,NULL
1,5,3/20/07 23:18:08,1,37,4/03/07 23:18:08,3/25/07 23:18:08,NULL,NULL,NULL,NULL
1,5,4/03/07 23:18:08,1,37,4/17/07 23:18:08,4/08/07 23:18:08,NULL,NULL,NULL,NULL
1,5,4/17/07 23:18:08,1,37,5/01/07 23:18:08,4/22/07 23:18:08,NULL,NULL,NULL,NULL
1,5,5/01/07 23:18:08,1,37,5/15/07 23:18:08,5/06/07 23:18:08,NULL,NULL,NULL,NULL
1,5,5/15/07 23:18:08,1,37,5/29/07 23:18:08,5/20/07 23:18:08,NULL,NULL,NULL,NULL
1,5,5/29/07 23:18:08,1,37,6/12/07 23:18:08,6/03/07 23:18:08,NULL,NULL,NULL,NULL
1,5,6/12/07 23:18:08,1,37,6/26/07 23:18:08,6/17/07 23:18:08,NULL,NULL,NULL,NULL
1,5,6/26/07 23:18:08,1,37,7/10/07 23:18:08,7/01/07 23:18:08,NULL,NULL,NULL,NULL
1,5,7/10/07 23:18:08,1,37,7/24/07 23:18:08,7/15/07 23:18:08,NULL,NULL,NULL,NULL
1,5,7/24/07 23:18:08,1,37,8/07/07 23:18:08,7/29/07 23:18:08,NULL,NULL,NULL,NULL
1,5,8/07/07 23:18:08,1,37,8/21/07 23:18:08,8/12/07 23:18:08,NULL,NULL,NULL,NULL
1,5,8/21/07 23:18:08,1,37,9/04/07 23:18:08,8/26/07 23:18:08,NULL,NULL,NULL,NULL
1,5,9/04/07 23:18:08,1,37,9/18/07 23:18:08,9/09/07 23:18:08,NULL,NULL,NULL,NULL
1,5,9/18/07 23:18:08,1,37,10/02/07 23:18:08,9/23/07 23:18:08,NULL,NULL,NULL,NULL
1,5,10/02/07 23:18:08,1,37,10/16/07 23:18:08,10/07/07 23:18:08,NULL,NULL,NULL,NULL
1,5,10/16/07 23:18:08,1,37,10/30/07 23:18:08,10/21/07 23:18:08,NULL,NULL,NULL,NULL
1,5,10/30/07 23:18:08,1,37,11/13/07 23:18:08,11/04/07 23:18:08,NULL,NULL,NULL,NULL
1,5,11/13/07 23:18:08,1,37,11/27/07 23:18:08,11/18/07 23:18:08,NULL,NULL,NULL,NULL
1,5,11/27/07 23:18:08,1,37,12/11/07 23:18:08,12/02/07 23:18:08,NULL,NULL,NULL,NULL
1,5,12/11/07 23:18:08,1,37,12/25/07 23:18:08,12/16/07 23:18:08,NULL,NULL,NULL,NULL
1,10,12/31/06 23:18:08,1,73,1/14/07 23:18:08,1/10/07 23:18:08,NULL,NULL,NULL,NULL
1,10,1/14/07 23:18:08,1,73,1/28/07 23:18:08,1/24/07 23:18:08,NULL,NULL,NULL,NULL
1,10,1/28/07 23:18:08,1,73,2/11/07 23:18:08,2/07/07 23:18:08,NULL,NULL,NULL,NULL
1,10,2/11/07 23:18:08,1,73,2/25/07 23:18:08,2/21/07 23:18:08,NULL,NULL,NULL,NULL
1,10,2/25/07 23:18:08,1,73,3/11/07 23:18:08,3/07/07 23:18:08,NULL,NULL,NULL,NULL
1,10,3/11/07 23:18:08,1,73,3/25/07 23:18:08,3/21/07 23:18:08,NULL,NULL,NULL,NULL
1,10,3/25/07 23:18:08,1,73,4/08/07 23:18:08,4/04/07 23:18:08,NULL,NULL,NULL,NULL
1,10,4/08/07 23:18:08,1,73,4/22/07 23:18:08,4/18/07 23:18:08,NULL,NULL,NULL,NULL
1,10,4/22/07 23:18:08,1,73,5/06/07 23:18:08,5/02/07 23:18:08,NULL,NULL,NULL,NULL
1,10,5/06/07 23:18:08,1,73,5/20/07 23:18:08,5/16/07 23:18:08,NULL,NULL,NULL,NULL
1,10,5/20/07 23:18:08,1,73,6/03/07 23:18:08,5/30/07 23:18:08,NULL,NULL,NULL,NULL
1,10,6/03/07 23:18:08,1,73,6/17/07 23:18:08,6/13/07 23:18:08,NULL,NULL,NULL,NULL
1,10,6/17/07 23:18:08,1,73,7/01/07 23:18:08,6/27/07 23:18:08,NULL,NULL,NULL,NULL
1,10,7/01/07 23:18:08,1,73,7/15/07 23:18:08,7/11/07 23:18:08,NULL,NULL,NULL,NULL
1,10,7/15/07 23:18:08,1,73,7/29/07 23:18:08,7/25/07 23:18:08,NULL,NULL,NULL,NULL
1,10,7/29/07 23:18:08,1,73,8/12/07 23:18:08,8/08/07 23:18:08,NULL,NULL,NULL,NULL
1,10,8/12/07 23:18:08,1,73,8/26/07 23:18:08,8/22/07 23:18:08,NULL,NULL,NULL,NULL
1,10,8/26/07 23:18:08,1,73,9/09/07 23:18:08,9/05/07 23:18:08,NULL,NULL,NULL,NULL
1,10,9/09/07 23:18:08,1,73,9/23/07 23:18:08,9/19/07 23:18:08,NULL,NULL,NULL,NULL
1,10,9/23/07 23:18:08,1,73,10/07/07 23:18:08,10/03/07 23:18:08,NULL,NULL,NULL,NULL
1,10,10/07/07 23:18:08,1,73,10/21/07 23:18:08,10/17/07 23:18:08,NULL,NULL,NULL,NULL
1,10,10/21/07 23:18:08,1,73,11/04/07 23:18:08,10/31/07 23:18:08,NULL,NULL,NULL,NULL
1,10,11/04/07 23:18:08,1,73,11/18/07 23:18:08,11/14/07 23:18:08,NULL,NULL,NULL,NULL
1,10,11/18/07 23:18:08,1,73,12/02/07 23:18:08,11/28/07 23:18:08,NULL,NULL,NULL,NULL
1,10,12/02/07 23:18:08,1,73,12/16/07 23:18:08,12/12/07 23:18:08,NULL,NULL,NULL,NULL
1,10,12/16/07 23:18:08,1,73,12/30/07 23:18:08,12/26/07 23:18:08,NULL,NULL,NULL,NULL
2,4,12/29/06 23:18:08,1,59,1/12/07 23:18:08,1/06/07 23:18:08,NULL,NULL,NULL,NULL
2,4,1/12/07 23:18:08,1,59,1/26/07 23:18:08,1/20/07 23:18:08,NULL,NULL,NULL,NULL
2,4,1/26/07 23:18:08,1,59,2/09/07 23:18:08,2/03/07 23:18:08,NULL,NULL,NULL,NULL
2,4,2/09/07 23:18:08,1,59,2/23/07 23:18:08,2/17/07 23:18:08,NULL,NULL,NULL,NULL
2,4,2/23/07 23:18:08,1,59,3/09/07 23:18:08,3/03/07 23:18:08,NULL,NULL,NULL,NULL
2,4,3/09/07 23:18:08,1,59,3/23/07 23:18:08,3/17/07 23:18:08,NULL,NULL,NULL,NULL
2,4,3/23/07 23:18:08,1,59,4/06/07 23:18:08,3/31/07 23:18:08,NULL,NULL,NULL,NULL
2,4,4/06/07 23:18:08,1,59,4/20/07 23:18:08,4/14/07 23:18:08,NULL,NULL,NULL,NULL
2,4,4/20/07 23:18:08,1,59,5/04/07 23:18:08,4/28/07 23:18:08,NULL,NULL,NULL,NULL
2,4,5/04/07 23:18:08,1,59,5/18/07 23:18:08,5/12/07 23:18:08,NULL,NULL,NULL,NULL
2,4,5/18/07 23:18:08,1,59,6/01/07 23:18:08,5/26/07 23:18:08,NULL,NULL,NULL,NULL
2,4,6/01/07 23:18:08,1,59,6/15/07 23:18:08,6/09/07 23:18:08,NULL,NULL,NULL,NULL
2,4,6/15/07 23:18:08,1,59,6/29/07 23:18:08,6/23/07 23:18:08,NULL,NULL,NULL,NULL
2,4,6/29/07 23:18:08,1,59,7/13/07 23:18:08,7/07/07 23:18:08,NULL,NULL,NULL,NULL
2,4,7/13/07 23:18:08,1,59,7/27/07 23:18:08,7/21/07 23:18:08,NULL,NULL,NULL,NULL
2,4,7/27/07 23:18:08,1,59,8/10/07 23:18:08,8/04/07 23:18:08,NULL,NULL,NULL,NULL
2,4,8/10/07 23:18:08,1,59,8/24/07 23:18:08,8/18/07 23:18:08,NULL,NULL,NULL,NULL
2,4,8/24/07 23:18:08,1,59,9/07/07 23:18:08,9/01/07 23:18:08,NULL,NULL,NULL,NULL
2,4,9/07/07 23:18:08,1,59,9/21/07 23:18:08,9/15/07 23:18:08,NULL,NULL,NULL,NULL
2,4,9/21/07 23:18:08,1,59,10/05/07 23:18:08,9/29/07 23:18:08,NULL,NULL,NULL,NULL
2,4,10/05/07 23:18:08,1,59,10/19/07 23:18:08,10/13/07 23:18:08,NULL,NULL,NULL,NULL
2,4,10/19/07 23:18:08,1,59,11/02/07 23:18:08,10/27/07 23:18:08,NULL,NULL,NULL,NULL
2,4,11/02/07 23:18:08,1,59,11/16/07 23:18:08,11/10/07 23:18:08,NULL,NULL,NULL,NULL
2,4,11/16/07 23:18:08,1,59,11/30/07 23:18:08,11/24/07 23:18:08,NULL,NULL,NULL,NULL
2,4,11/30/07 23:18:08,1,59,12/14/07 23:18:08,12/08/07 23:18:08,NULL,NULL,NULL,NULL
2,4,12/14/07 23:18:08,1,59,12/28/07 23:18:08,12/22/07 23:18:08,NULL,NULL,NULL,NULL
2,9,12/23/06 23:18:08,1,130,1/06/07 23:18:08,12/25/06 23:18:08,NULL,NULL,NULL,NULL
2,9,1/06/07 23:18:08,1,130,1/20/07 23:18:08,1/08/07 23:18:08,NULL,NULL,NULL,NULL
2,9,1/20/07 23:18:08,1,130,2/03/07 23:18:08,1/22/07 23:18:08,NULL,NULL,NULL,NULL
2,9,2/03/07 23:18:08,1,130,2/17/07 23:18:08,2/05/07 23:18:08,NULL,NULL,NULL,NULL
2,9,2/17/07 23:18:08,1,130,3/03/07 23:18:08,2/19/07 23:18:08,NULL,NULL,NULL,NULL
2,9,3/03/07 23:18:08,1,130,3/17/07 23:18:08,3/05/07 23:18:08,NULL,NULL,NULL,NULL
2,9,3/17/07 23:18:08,1,130,3/31/07 23:18:08,3/19/07 23:18:08,NULL,NULL,NULL,NULL
2,9,3/31/07 23:18:08,1,130,4/14/07 23:18:08,4/02/07 23:18:08,NULL,NULL,NULL,NULL
2,9,4/14/07 23:18:08,1,130,4/28/07 23:18:08,4/16/07 23:18:08,NULL,NULL,NULL,NULL
2,9,4/28/07 23:18:08,1,130,5/12/07 23:18:08,4/30/07 23:18:08,NULL,NULL,NULL,NULL
2,9,5/12/07 23:18:08,1,130,5/26/07 23:18:08,5/14/07 23:18:08,NULL,NULL,NULL,NULL
2,9,5/26/07 23:18:08,1,130,6/09/07 23:18:08,5/28/07 23:18:08,NULL,NULL,NULL,NULL
2,9,6/09/07 23:18:08,1,130,6/23/07 23:18:08,6/11/07 23:18:08,NULL,NULL,NULL,NULL
2,9,6/23/07 23:18:08,1,130,7/07/07 23:18:08,6/25/07 23:18:08,NULL,NULL,NULL,NULL
2,9,7/07/07 23:18:08,1,130,7/21/07 23:18:08,7/09/07 23:18:08,NULL,NULL,NULL,NULL
2,9,7/21/07 23:18:08,1,130,8/04/07 23:18:08,7/23/07 23:18:08,NULL,NULL,NULL,NULL
2,9,8/04/07 23:18:08,1,130,8/18/07 23:18:08,8/06/07 23:18:08,NULL,NULL,NULL,NULL
2,9,8/18/07 23:18:08,1,130,9/01/07 23:18:08,8/20/07 23:18:08,NULL,NULL,NULL,NULL
2,9,9/01/07 23:18:08,1,130,9/15/07 23:18:08,9/03/07 23:18:08,NULL,NULL,NULL,NULL
2,9,9/15/07 23:18:08,1,130,9/29/07 23:18:08,9/17/07 23:18:08,NULL,NULL,NULL,NULL
2,9,9/29/07 23:18:08,1,130,10/13/07 23:18:08,10/01/07 23:18:08,NULL,NULL,NULL,NULL
2,9,10/13/07 23:18:08,1,130,10/27/07 23:18:08,10/15/07 23:18:08,NULL,NULL,NULL,NULL
2,9,10/27/07 23:18:08,1,130,11/10/07 23:18:08,10/29/07 23:18:08,NULL,NULL,NULL,NULL
2,9,11/10/07 23:18:08,1,130,11/24/07 23:18:08,11/12/07 23:18:08,NULL,NULL,NULL,NULL
2,9,11/24/07 23:18:08,1,130,12/08/07 23:18:08,11/26/07 23:18:08,NULL,NULL,NULL,NULL
2,9,12/08/07 23:18:08,1,130,12/22/07 23:18:08,12/10/07 23:18:08,NULL,NULL,NULL,NULL
3,3,12/30/06 23:18:08,1,66,1/13/07 23:18:08,1/08/07 23:18:08,NULL,NULL,NULL,NULL
3,3,1/13/07 23:18:08,1,66,1/27/07 23:18:08,1/22/07 23:18:08,NULL,NULL,NULL,NULL
3,3,1/27/07 23:18:08,1,66,2/10/07 23:18:08,2/05/07 23:18:08,NULL,NULL,NULL,NULL
3,3,2/10/07 23:18:08,1,66,2/24/07 23:18:08,2/19/07 23:18:08,NULL,NULL,NULL,NULL
3,3,2/24/07 23:18:08,1,66,3/10/07 23:18:08,3/05/07 23:18:08,NULL,NULL,NULL,NULL
3,3,3/10/07 23:18:08,1,66,3/24/07 23:18:08,3/19/07 23:18:08,NULL,NULL,NULL,NULL
3,3,3/24/07 23:18:08,1,66,4/07/07 23:18:08,4/02/07 23:18:08,NULL,NULL,NULL,NULL
3,3,4/07/07 23:18:08,1,66,4/21/07 23:18:08,4/16/07 23:18:08,NULL,NULL,NULL,NULL
3,3,4/21/07 23:18:08,1,66,5/05/07 23:18:08,4/30/07 23:18:08,NULL,NULL,NULL,NULL
3,3,5/05/07 23:18:08,1,66,5/19/07 23:18:08,5/14/07 23:18:08,NULL,NULL,NULL,NULL
3,3,5/19/07 23:18:08,1,66,6/02/07 23:18:08,5/28/07 23:18:08,NULL,NULL,NULL,NULL
3,3,6/02/07 23:18:08,1,66,6/16/07 23:18:08,6/11/07 23:18:08,NULL,NULL,NULL,NULL
3,3,6/16/07 23:18:08,1,66,6/30/07 23:18:08,6/25/07 23:18:08,NULL,NULL,NULL,NULL
3,3,6/30/07 23:18:08,1,66,7/14/07 23:18:08,7/09/07 23:18:08,NULL,NULL,NULL,NULL
3,3,7/14/07 23:18:08,1,66,7/28/07 23:18:08,7/23/07 23:18:08,NULL,NULL,NULL,NULL
3,3,7/28/07 23:18:08,1,66,8/11/07 23:18:08,8/06/07 23:18:08,NULL,NULL,NULL,NULL
3,3,8/11/07 23:18:08,1,66,8/25/07 23:18:08,8/20/07 23:18:08,NULL,NULL,NULL,NULL
3,3,8/25/07 23:18:08,1,66,9/08/07 23:18:08,9/03/07 23:18:08,NULL,NULL,NULL,NULL
3,3,9/08/07 23:18:08,1,66,9/22/07 23:18:08,9/17/07 23:18:08,NULL,NULL,NULL,NULL
3,3,9/22/07 23:18:08,1,66,10/06/07 23:18:08,10/01/07 23:18:08,NULL,NULL,NULL,NULL
3,3,10/06/07 23:18:08,1,66,10/20/07 23:18:08,10/15/07 23:18:08,NULL,NULL,NULL,NULL
3,3,10/20/07 23:18:08,1,66,11/03/07 23:18:08,10/29/07 23:18:08,NULL,NULL,NULL,NULL
3,3,11/03/07 23:18:08,1,66,11/17/07 23:18:08,11/12/07 23:18:08,NULL,NULL,NULL,NULL
3,3,11/17/07 23:18:08,1,66,12/01/07 23:18:08,11/26/07 23:18:08,NULL,NULL,NULL,NULL
3,3,12/01/07 23:18:08,1,66,12/15/07 23:18:08,12/10/07 23:18:08,NULL,NULL,NULL,NULL
3,3,12/15/07 23:18:08,1,66,12/29/07 23:18:08,12/24/07 23:18:08,NULL,NULL,NULL,NULL
3,8,12/29/06 23:18:08,1,173,1/12/07 23:18:08,1/06/07 23:18:08,NULL,NULL,NULL,NULL
3,8,1/12/07 23:18:08,1,173,1/26/07 23:18:08,1/20/07 23:18:08,NULL,NULL,NULL,NULL
3,8,1/26/07 23:18:08,1,173,2/09/07 23:18:08,2/03/07 23:18:08,NULL,NULL,NULL,NULL
3,8,2/09/07 23:18:08,1,173,2/23/07 23:18:08,2/17/07 23:18:08,NULL,NULL,NULL,NULL
3,8,2/23/07 23:18:08,1,173,3/09/07 23:18:08,3/03/07 23:18:08,NULL,NULL,NULL,NULL
3,8,3/09/07 23:18:08,1,173,3/23/07 23:18:08,3/17/07 23:18:08,NULL,NULL,NULL,NULL
3,8,3/23/07 23:18:08,1,173,4/06/07 23:18:08,3/31/07 23:18:08,NULL,NULL,NULL,NULL
3,8,4/06/07 23:18:08,1,173,4/20/07 23:18:08,4/14/07 23:18:08,NULL,NULL,NULL,NULL
3,8,4/20/07 23:18:08,1,173,5/04/07 23:18:08,4/28/07 23:18:08,NULL,NULL,NULL,NULL
3,8,5/04/07 23:18:08,1,173,5/18/07 23:18:08,5/12/07 23:18:08,NULL,NULL,NULL,NULL
3,8,5/18/07 23:18:08,1,173,6/01/07 23:18:08,5/26/07 23:18:08,NULL,NULL,NULL,NULL
3,8,6/01/07 23:18:08,1,173,6/15/07 23:18:08,6/09/07 23:18:08,NULL,NULL,NULL,NULL
3,8,6/15/07 23:18:08,1,173,6/29/07 23:18:08,6/23/07 23:18:08,NULL,NULL,NULL,NULL
3,8,6/29/07 23:18:08,1,173,7/13/07 23:18:08,7/07/07 23:18:08,NULL,NULL,NULL,NULL
3,8,7/13/07 23:18:08,1,173,7/27/07 23:18:08,7/21/07 23:18:08,NULL,NULL,NULL,NULL
3,8,7/27/07 23:18:08,1,173,8/10/07 23:18:08,8/04/07 23:18:08,NULL,NULL,NULL,NULL
3,8,8/10/07 23:18:08,1,173,8/24/07 23:18:08,8/18/07 23:18:08,NULL,NULL,NULL,NULL
3,8,8/24/07 23:18:08,1,173,9/07/07 23:18:08,9/01/07 23:18:08,NULL,NULL,NULL,NULL
3,8,9/07/07 23:18:08,1,173,9/21/07 23:18:08,9/15/07 23:18:08,NULL,NULL,NULL,NULL
3,8,9/21/07 23:18:08,1,173,10/05/07 23:18:08,9/29/07 23:18:08,NULL,NULL,NULL,NULL
3,8,10/05/07 23:18:08,1,173,10/19/07 23:18:08,10/13/07 23:18:08,NULL,NULL,NULL,NULL
3,8,10/19/07 23:18:08,1,173,11/02/07 23:18:08,10/27/07 23:18:08,NULL,NULL,NULL,NULL
3,8,11/02/07 23:18:08,1,173,11/16/07 23:18:08,11/10/07 23:18:08,NULL,NULL,NULL,NULL
3,8,11/16/07 23:18:08,1,173,11/30/07 23:18:08,11/24/07 23:18:08,NULL,NULL,NULL,NULL
3,8,11/30/07 23:18:08,1,173,12/14/07 23:18:08,12/08/07 23:18:08,NULL,NULL,NULL,NULL
3,8,12/14/07 23:18:08,1,173,12/28/07 23:18:08,12/22/07 23:18:08,NULL,NULL,NULL,NULL
4,2,12/29/06 23:18:08,1,59,1/12/07 23:18:08,1/06/07 23:18:08,NULL,NULL,NULL,NULL
4,2,1/12/07 23:18:08,1,59,1/26/07 23:18:08,1/20/07 23:18:08,NULL,NULL,NULL,NULL
4,2,1/26/07 23:18:08,1,59,2/09/07 23:18:08,2/03/07 23:18:08,NULL,NULL,NULL,NULL
4,2,2/09/07 23:18:08,1,59,2/23/07 23:18:08,2/17/07 23:18:08,NULL,NULL,NULL,NULL
4,2,2/23/07 23:18:08,1,59,3/09/07 23:18:08,3/03/07 23:18:08,NULL,NULL,NULL,NULL
4,2,3/09/07 23:18:08,1,59,3/23/07 23:18:08,3/17/07 23:18:08,NULL,NULL,NULL,NULL
4,2,3/23/07 23:18:08,1,59,4/06/07 23:18:08,3/31/07 23:18:08,NULL,NULL,NULL,NULL
4,2,4/06/07 23:18:08,1,59,4/20/07 23:18:08,4/14/07 23:18:08,NULL,NULL,NULL,NULL
4,2,4/20/07 23:18:08,1,59,5/04/07 23:18:08,4/28/07 23:18:08,NULL,NULL,NULL,NULL
4,2,5/04/07 23:18:08,1,59,5/18/07 23:18:08,5/12/07 23:18:08,NULL,NULL,NULL,NULL
4,2,5/18/07 23:18:08,1,59,6/01/07 23:18:08,5/26/07 23:18:08,NULL,NULL,NULL,NULL
4,2,6/01/07 23:18:08,1,59,6/15/07 23:18:08,6/09/07 23:18:08,NULL,NULL,NULL,NULL
4,2,6/15/07 23:18:08,1,59,6/29/07 23:18:08,6/23/07 23:18:08,NULL,NULL,NULL,NULL
4,2,6/29/07 23:18:08,1,59,7/13/07 23:18:08,7/07/07 23:18:08,NULL,NULL,NULL,NULL
4,2,7/13/07 23:18:08,1,59,7/27/07 23:18:08,7/21/07 23:18:08,NULL,NULL,NULL,NULL
4,2,7/27/07 23:18:08,1,59,8/10/07 23:18:08,8/04/07 23:18:08,NULL,NULL,NULL,NULL
4,2,8/10/07 23:18:08,1,59,8/24/07 23:18:08,8/18/07 23:18:08,NULL,NULL,NULL,NULL
4,2,8/24/07 23:18:08,1,59,9/07/07 23:18:08,9/01/07 23:18:08,NULL,NULL,NULL,NULL
4,2,9/07/07 23:18:08,1,59,9/21/07 23:18:08,9/15/07 23:18:08,NULL,NULL,NULL,NULL
4,2,9/21/07 23:18:08,1,59,10/05/07 23:18:08,9/29/07 23:18:08,NULL,NULL,NULL,NULL
4,2,10/05/07 23:18:08,1,59,10/19/07 23:18:08,10/13/07 23:18:08,NULL,NULL,NULL,NULL
4,2,10/19/07 23:18:08,1,59,11/02/07 23:18:08,10/27/07 23:18:08,NULL,NULL,NULL,NULL
4,2,11/02/07 23:18:08,1,59,11/16/07 23:18:08,11/10/07 23:18:08,NULL,NULL,NULL,NULL
4,2,11/16/07 23:18:08,1,59,11/30/07 23:18:08,11/24/07 23:18:08,NULL,NULL,NULL,NULL
4,2,11/30/07 23:18:08,1,59,12/14/07 23:18:08,12/08/07 23:18:08,NULL,NULL,NULL,NULL
4,2,12/14/07 23:18:08,1,59,12/28/07 23:18:08,12/22/07 23:18:08,NULL,NULL,NULL,NULL
4,7,1/02/07 23:18:08,1,201,1/16/07 23:18:08,1/14/07 23:18:08,NULL,NULL,NULL,NULL
4,7,1/16/07 23:18:08,1,201,1/30/07 23:18:08,1/28/07 23:18:08,NULL,NULL,NULL,NULL
4,7,1/30/07 23:18:08,1,201,2/13/07 23:18:08,2/11/07 23:18:08,NULL,NULL,NULL,NULL
4,7,2/13/07 23:18:08,1,201,2/27/07 23:18:08,2/25/07 23:18:08,NULL,NULL,NULL,NULL
4,7,2/27/07 23:18:08,1,201,3/13/07 23:18:08,3/11/07 23:18:08,NULL,NULL,NULL,NULL
4,7,3/13/07 23:18:08,1,201,3/27/07 23:18:08,3/25/07 23:18:08,NULL,NULL,NULL,NULL
4,7,3/27/07 23:18:08,1,201,4/10/07 23:18:08,4/08/07 23:18:08,NULL,NULL,NULL,NULL
4,7,4/10/07 23:18:08,1,201,4/24/07 23:18:08,4/22/07 23:18:08,NULL,NULL,NULL,NULL
4,7,4/24/07 23:18:08,1,201,5/08/07 23:18:08,5/06/07 23:18:08,NULL,NULL,NULL,NULL
4,7,5/08/07 23:18:08,1,201,5/22/07 23:18:08,5/20/07 23:18:08,NULL,NULL,NULL,NULL
4,7,5/22/07 23:18:08,1,201,6/05/07 23:18:08,6/03/07 23:18:08,NULL,NULL,NULL,NULL
4,7,6/05/07 23:18:08,1,201,6/19/07 23:18:08,6/17/07 23:18:08,NULL,NULL,NULL,NULL
4,7,6/19/07 23:18:08,1,201,7/03/07 23:18:08,7/01/07 23:18:08,NULL,NULL,NULL,NULL
4,7,7/03/07 23:18:08,1,201,7/17/07 23:18:08,7/15/07 23:18:08,NULL,NULL,NULL,NULL
4,7,7/17/07 23:18:08,1,201,7/31/07 23:18:08,7/29/07 23:18:08,NULL,NULL,NULL,NULL
4,7,7/31/07 23:18:08,1,201,8/14/07 23:18:08,8/12/07 23:18:08,NULL,NULL,NULL,NULL
4,7,8/14/07 23:18:08,1,201,8/28/07 23:18:08,8/26/07 23:18:08,NULL,NULL,NULL,NULL
4,7,8/28/07 23:18:08,1,201,9/11/07 23:18:08,9/09/07 23:18:08,NULL,NULL,NULL,NULL
4,7,9/11/07 23:18:08,1,201,9/25/07 23:18:08,9/23/07 23:18:08,NULL,NULL,NULL,NULL
4,7,9/25/07 23:18:08,1,201,10/09/07 23:18:08,10/07/07 23:18:08,NULL,NULL,NULL,NULL
4,7,10/09/07 23:18:08,1,201,10/23/07 23:18:08,10/21/07 23:18:08,NULL,NULL,NULL,NULL
4,7,10/23/07 23:18:08,1,201,11/06/07 23:18:08,11/04/07 23:18:08,NULL,NULL,NULL,NULL
4,7,11/06/07 23:18:08,1,201,11/20/07 23:18:08,11/18/07 23:18:08,NULL,NULL,NULL,NULL
4,7,11/20/07 23:18:08,1,201,12/04/07 23:18:08,12/02/07 23:18:08,NULL,NULL,NULL,NULL
4,7,12/04/07 23:18:08,1,201,12/18/07 23:18:08,12/16/07 23:18:08,NULL,NULL,NULL,NULL
4,7,12/18/07 23:18:08,1,201,1/01/08 23:18:08,12/30/07 23:18:08,NULL,NULL,NULL,NULL
5,1,12/26/06 23:18:08,1,37,1/09/07 23:18:08,12/31/06 23:18:08,NULL,NULL,NULL,NULL
5,1,1/09/07 23:18:08,1,37,1/23/07 23:18:08,1/14/07 23:18:08,NULL,NULL,NULL,NULL
5,1,1/23/07 23:18:08,1,37,2/06/07 23:18:08,1/28/07 23:18:08,NULL,NULL,NULL,NULL
5,1,2/06/07 23:18:08,1,37,2/20/07 23:18:08,2/11/07 23:18:08,NULL,NULL,NULL,NULL
5,1,2/20/07 23:18:08,1,37,3/06/07 23:18:08,2/25/07 23:18:08,NULL,NULL,NULL,NULL
5,1,3/06/07 23:18:08,1,37,3/20/07 23:18:08,3/11/07 23:18:08,NULL,NULL,NULL,NULL
5,1,3/20/07 23:18:08,1,37,4/03/07 23:18:08,3/25/07 23:18:08,NULL,NULL,NULL,NULL
5,1,4/03/07 23:18:08,1,37,4/17/07 23:18:08,4/08/07 23:18:08,NULL,NULL,NULL,NULL
5,1,4/17/07 23:18:08,1,37,5/01/07 23:18:08,4/22/07 23:18:08,NULL,NULL,NULL,NULL
5,1,5/01/07 23:18:08,1,37,5/15/07 23:18:08,5/06/07 23:18:08,NULL,NULL,NULL,NULL
5,1,5/15/07 23:18:08,1,37,5/29/07 23:18:08,5/20/07 23:18:08,NULL,NULL,NULL,NULL
5,1,5/29/07 23:18:08,1,37,6/12/07 23:18:08,6/03/07 23:18:08,NULL,NULL,NULL,NULL
5,1,6/12/07 23:18:08,1,37,6/26/07 23:18:08,6/17/07 23:18:08,NULL,NULL,NULL,NULL
5,1,6/26/07 23:18:08,1,37,7/10/07 23:18:08,7/01/07 23:18:08,NULL,NULL,NULL,NULL
5,1,7/10/07 23:18:08,1,37,7/24/07 23:18:08,7/15/07 23:18:08,NULL,NULL,NULL,NULL
5,1,7/24/07 23:18:08,1,37,8/07/07 23:18:08,7/29/07 23:18:08,NULL,NULL,NULL,NULL
5,1,8/07/07 23:18:08,1,37,8/21/07 23:18:08,8/12/07 23:18:08,NULL,NULL,NULL,NULL
5,1,8/21/07 23:18:08,1,37,9/04/07 23:18:08,8/26/07 23:18:08,NULL,NULL,NULL,NULL
5,1,9/04/07 23:18:08,1,37,9/18/07 23:18:08,9/09/07 23:18:08,NULL,NULL,NULL,NULL
5,1,9/18/07 23:18:08,1,37,10/02/07 23:18:08,9/23/07 23:18:08,NULL,NULL,NULL,NULL
5,1,10/02/07 23:18:08,1,37,10/16/07 23:18:08,10/07/07 23:18:08,NULL,NULL,NULL,NULL
5,1,10/16/07 23:18:08,1,37,10/30/07 23:18:08,10/21/07 23:18:08,NULL,NULL,NULL,NULL
5,1,10/30/07 23:18:08,1,37,11/13/07 23:18:08,11/04/07 23:18:08,NULL,NULL,NULL,NULL
5,1,11/13/07 23:18:08,1,37,11/27/07 23:18:08,11/18/07 23:18:08,NULL,NULL,NULL,NULL
5,1,11/27/07 23:18:08,1,37,12/11/07 23:18:08,12/02/07 23:18:08,NULL,NULL,NULL,NULL
5,1,12/11/07 23:18:08,1,37,12/25/07 23:18:08,12/16/07 23:18:08,NULL,NULL,NULL,NULL
5,6,1/04/07 23:18:08,1,216,1/18/07 23:18:08,1/18/07 23:18:08,NULL,NULL,NULL,NULL
5,6,1/18/07 23:18:08,1,216,2/01/07 23:18:08,2/01/07 23:18:08,NULL,NULL,NULL,NULL
5,6,2/01/07 23:18:08,1,216,2/15/07 23:18:08,2/15/07 23:18:08,NULL,NULL,NULL,NULL
5,6,2/15/07 23:18:08,1,216,3/01/07 23:18:08,3/01/07 23:18:08,NULL,NULL,NULL,NULL
5,6,3/01/07 23:18:08,1,216,3/15/07 23:18:08,3/15/07 23:18:08,NULL,NULL,NULL,NULL
5,6,3/15/07 23:18:08,1,216,3/29/07 23:18:08,3/29/07 23:18:08,NULL,NULL,NULL,NULL
5,6,3/29/07 23:18:08,1,216,4/12/07 23:18:08,4/12/07 23:18:08,NULL,NULL,NULL,NULL
5,6,4/12/07 23:18:08,1,216,4/26/07 23:18:08,4/26/07 23:18:08,NULL,NULL,NULL,NULL
5,6,4/26/07 23:18:08,1,216,5/10/07 23:18:08,5/10/07 23:18:08,NULL,NULL,NULL,NULL
5,6,5/10/07 23:18:08,1,216,5/24/07 23:18:08,5/24/07 23:18:08,NULL,NULL,NULL,NULL
5,6,5/24/07 23:18:08,1,216,6/07/07 23:18:08,6/07/07 23:18:08,NULL,NULL,NULL,NULL
5,6,6/07/07 23:18:08,1,216,6/21/07 23:18:08,6/21/07 23:18:08,NULL,NULL,NULL,NULL
5,6,6/21/07 23:18:08,1,216,7/05/07 23:18:08,7/05/07 23:18:08,NULL,NULL,NULL,NULL
5,6,7/05/07 23:18:08,1,216,7/19/07 23:18:08,7/19/07 23:18:08,NULL,NULL,NULL,NULL
5,6,7/19/07 23:18:08,1,216,8/02/07 23:18:08,8/02/07 23:18:08,NULL,NULL,NULL,NULL
5,6,8/02/07 23:18:08,1,216,8/16/07 23:18:08,8/16/07 23:18:08,NULL,NULL,NULL,NULL
5,6,8/16/07 23:18:08,1,216,8/30/07 23:18:08,8/30/07 23:18:08,NULL,NULL,NULL,NULL
5,6,8/30/07 23:18:08,1,216,9/13/07 23:18:08,9/13/07 23:18:08,NULL,NULL,NULL,NULL
5,6,9/13/07 23:18:08,1,216,9/27/07 23:18:08,9/27/07 23:18:08,NULL,NULL,NULL,NULL
5,6,9/27/07 23:18:08,1,216,10/11/07 23:18:08,10/11/07 23:18:08,NULL,NULL,NULL,NULL
5,6,10/11/07 23:18:08,1,216,10/25/07 23:18:08,10/25/07 23:18:08,NULL,NULL,NULL,NULL
5,6,10/25/07 23:18:08,1,216,11/08/07 23:18:08,11/08/07 23:18:08,NULL,NULL,NULL,NULL
5,6,11/08/07 23:18:08,1,216,11/22/07 23:18:08,11/22/07 23:18:08,NULL,NULL,NULL,NULL
5,6,11/22/07 23:18:08,1,216,12/06/07 23:18:08,12/06/07 23:18:08,NULL,NULL,NULL,NULL
5,6,12/06/07 23:18:08,1,216,12/20/07 23:18:08,12/20/07 23:18:08,NULL,NULL,NULL,NULL
5,6,12/20/07 23:18:08,1,216,1/03/08 23:18:08,1/03/08 23:18:08,NULL,NULL,NULL,NULL
6,5,1/04/07 23:18:08,1,216,1/18/07 23:18:08,1/18/07 23:18:08,NULL,NULL,NULL,NULL
6,5,1/18/07 23:18:08,1,216,2/01/07 23:18:08,2/01/07 23:18:08,NULL,NULL,NULL,NULL
6,5,2/01/07 23:18:08,1,216,2/15/07 23:18:08,2/15/07 23:18:08,NULL,NULL,NULL,NULL
6,5,2/15/07 23:18:08,1,216,3/01/07 23:18:08,3/01/07 23:18:08,NULL,NULL,NULL,NULL
6,5,3/01/07 23:18:08,1,216,3/15/07 23:18:08,3/15/07 23:18:08,NULL,NULL,NULL,NULL
6,5,3/15/07 23:18:08,1,216,3/29/07 23:18:08,3/29/07 23:18:08,NULL,NULL,NULL,NULL
6,5,3/29/07 23:18:08,1,216,4/12/07 23:18:08,4/12/07 23:18:08,NULL,NULL,NULL,NULL
6,5,4/12/07 23:18:08,1,216,4/26/07 23:18:08,4/26/07 23:18:08,NULL,NULL,NULL,NULL
6,5,4/26/07 23:18:08,1,216,5/10/07 23:18:08,5/10/07 23:18:08,NULL,NULL,NULL,NULL
6,5,5/10/07 23:18:08,1,216,5/24/07 23:18:08,5/24/07 23:18:08,NULL,NULL,NULL,NULL
6,5,5/24/07 23:18:08,1,216,6/07/07 23:18:08,6/07/07 23:18:08,NULL,NULL,NULL,NULL
6,5,6/07/07 23:18:08,1,216,6/21/07 23:18:08,6/21/07 23:18:08,NULL,NULL,NULL,NULL
6,5,6/21/07 23:18:08,1,216,7/05/07 23:18:08,7/05/07 23:18:08,NULL,NULL,NULL,NULL
6,5,7/05/07 23:18:08,1,216,7/19/07 23:18:08,7/19/07 23:18:08,NULL,NULL,NULL,NULL
6,5,7/19/07 23:18:08,1,216,8/02/07 23:18:08,8/02/07 23:18:08,NULL,NULL,NULL,NULL
6,5,8/02/07 23:18:08,1,216,8/16/07 23:18:08,8/16/07 23:18:08,NULL,NULL,NULL,NULL
6,5,8/16/07 23:18:08,1,216,8/30/07 23:18:08,8/30/07 23:18:08,NULL,NULL,NULL,NULL
6,5,8/30/07 23:18:08,1,216,9/13/07 23:18:08,9/13/07 23:18:08,NULL,NULL,NULL,NULL
6,5,9/13/07 23:18:08,1,216,9/27/07 23:18:08,9/27/07 23:18:08,NULL,NULL,NULL,NULL
6,5,9/27/07 23:18:08,1,216,10/11/07 23:18:08,10/11/07 23:18:08,NULL,NULL,NULL,NULL
6,5,10/11/07 23:18:08,1,216,10/25/07 23:18:08,10/25/07 23:18:08,NULL,NULL,NULL,NULL
6,5,10/25/07 23:18:08,1,216,11/08/07 23:18:08,11/08/07 23:18:08,NULL,NULL,NULL,NULL
6,5,11/08/07 23:18:08,1,216,11/22/07 23:18:08,11/22/07 23:18:08,NULL,NULL,NULL,NULL
6,5,11/22/07 23:18:08,1,216,12/06/07 23:18:08,12/06/07 23:18:08,NULL,NULL,NULL,NULL
6,5,12/06/07 23:18:08,1,216,12/20/07 23:18:08,12/20/07 23:18:08,NULL,NULL,NULL,NULL
6,5,12/20/07 23:18:08,1,216,1/03/08 23:18:08,1/03/08 23:18:08,NULL,NULL,NULL,NULL
6,10,1/02/07 23:18:08,1,430,1/16/07 23:18:08,1/14/07 23:18:08,NULL,NULL,NULL,NULL
6,10,1/16/07 23:18:08,1,430,1/30/07 23:18:08,1/28/07 23:18:08,NULL,NULL,NULL,NULL
6,10,1/30/07 23:18:08,1,430,2/13/07 23:18:08,2/11/07 23:18:08,NULL,NULL,NULL,NULL
6,10,2/13/07 23:18:08,1,430,2/27/07 23:18:08,2/25/07 23:18:08,NULL,NULL,NULL,NULL
6,10,2/27/07 23:18:08,1,430,3/13/07 23:18:08,3/11/07 23:18:08,NULL,NULL,NULL,NULL
6,10,3/13/07 23:18:08,1,430,3/27/07 23:18:08,3/25/07 23:18:08,NULL,NULL,NULL,NULL
6,10,3/27/07 23:18:08,1,430,4/10/07 23:18:08,4/08/07 23:18:08,NULL,NULL,NULL,NULL
6,10,4/10/07 23:18:08,1,430,4/24/07 23:18:08,4/22/07 23:18:08,NULL,NULL,NULL,NULL
6,10,4/24/07 23:18:08,1,430,5/08/07 23:18:08,5/06/07 23:18:08,NULL,NULL,NULL,NULL
6,10,5/08/07 23:18:08,1,430,5/22/07 23:18:08,5/20/07 23:18:08,NULL,NULL,NULL,NULL
6,10,5/22/07 23:18:08,1,430,6/05/07 23:18:08,6/03/07 23:18:08,NULL,NULL,NULL,NULL
6,10,6/05/07 23:18:08,1,430,6/19/07 23:18:08,6/17/07 23:18:08,NULL,NULL,NULL,NULL
6,10,6/19/07 23:18:08,1,430,7/03/07 23:18:08,7/01/07 23:18:08,NULL,NULL,NULL,NULL
6,10,7/03/07 23:18:08,1,430,7/17/07 23:18:08,7/15/07 23:18:08,NULL,NULL,NULL,NULL
6,10,7/17/07 23:18:08,1,430,7/31/07 23:18:08,7/29/07 23:18:08,NULL,NULL,NULL,NULL
6,10,7/31/07 23:18:08,1,430,8/14/07 23:18:08,8/12/07 23:18:08,NULL,NULL,NULL,NULL
6,10,8/14/07 23:18:08,1,430,8/28/07 23:18:08,8/26/07 23:18:08,NULL,NULL,NULL,NULL
6,10,8/28/07 23:18:08,1,430,9/11/07 23:18:08,9/09/07 23:18:08,NULL,NULL,NULL,NULL
6,10,9/11/07 23:18:08,1,430,9/25/07 23:18:08,9/23/07 23:18:08,NULL,NULL,NULL,NULL
6,10,9/25/07 23:18:08,1,430,10/09/07 23:18:08,10/07/07 23:18:08,NULL,NULL,NULL,NULL
6,10,10/09/07 23:18:08,1,430,10/23/07 23:18:08,10/21/07 23:18:08,NULL,NULL,NULL,NULL
6,10,10/23/07 23:18:08,1,430,11/06/07 23:18:08,11/04/07 23:18:08,NULL,NULL,NULL,NULL
6,10,11/06/07 23:18:08,1,430,11/20/07 23:18:08,11/18/07 23:18:08,NULL,NULL,NULL,NULL
6,10,11/20/07 23:18:08,1,430,12/04/07 23:18:08,12/02/07 23:18:08,NULL,NULL,NULL,NULL
6,10,12/04/07 23:18:08,1,430,12/18/07 23:18:08,12/16/07 23:18:08,NULL,NULL,NULL,NULL
6,10,12/18/07 23:18:08,1,430,1/01/08 23:18:08,12/30/07 23:18:08,NULL,NULL,NULL,NULL
7,4,1/02/07 23:18:08,1,201,1/16/07 23:18:08,1/14/07 23:18:08,NULL,NULL,NULL,NULL
7,4,1/16/07 23:18:08,1,201,1/30/07 23:18:08,1/28/07 23:18:08,NULL,NULL,NULL,NULL
7,4,1/30/07 23:18:08,1,201,2/13/07 23:18:08,2/11/07 23:18:08,NULL,NULL,NULL,NULL
7,4,2/13/07 23:18:08,1,201,2/27/07 23:18:08,2/25/07 23:18:08,NULL,NULL,NULL,NULL
7,4,2/27/07 23:18:08,1,201,3/13/07 23:18:08,3/11/07 23:18:08,NULL,NULL,NULL,NULL
7,4,3/13/07 23:18:08,1,201,3/27/07 23:18:08,3/25/07 23:18:08,NULL,NULL,NULL,NULL
7,4,3/27/07 23:18:08,1,201,4/10/07 23:18:08,4/08/07 23:18:08,NULL,NULL,NULL,NULL
7,4,4/10/07 23:18:08,1,201,4/24/07 23:18:08,4/22/07 23:18:08,NULL,NULL,NULL,NULL
7,4,4/24/07 23:18:08,1,201,5/08/07 23:18:08,5/06/07 23:18:08,NULL,NULL,NULL,NULL
7,4,5/08/07 23:18:08,1,201,5/22/07 23:18:08,5/20/07 23:18:08,NULL,NULL,NULL,NULL
7,4,5/22/07 23:18:08,1,201,6/05/07 23:18:08,6/03/07 23:18:08,NULL,NULL,NULL,NULL
7,4,6/05/07 23:18:08,1,201,6/19/07 23:18:08,6/17/07 23:18:08,NULL,NULL,NULL,NULL
7,4,6/19/07 23:18:08,1,201,7/03/07 23:18:08,7/01/07 23:18:08,NULL,NULL,NULL,NULL
7,4,7/03/07 23:18:08,1,201,7/17/07 23:18:08,7/15/07 23:18:08,NULL,NULL,NULL,NULL
7,4,7/17/07 23:18:08,1,201,7/31/07 23:18:08,7/29/07 23:18:08,NULL,NULL,NULL,NULL
7,4,7/31/07 23:18:08,1,201,8/14/07 23:18:08,8/12/07 23:18:08,NULL,NULL,NULL,NULL
7,4,8/14/07 23:18:08,1,201,8/28/07 23:18:08,8/26/07 23:18:08,NULL,NULL,NULL,NULL
7,4,8/28/07 23:18:08,1,201,9/11/07 23:18:08,9/09/07 23:18:08,NULL,NULL,NULL,NULL
7,4,9/11/07 23:18:08,1,201,9/25/07 23:18:08,9/23/07 23:18:08,NULL,NULL,NULL,NULL
7,4,9/25/07 23:18:08,1,201,10/09/07 23:18:08,10/07/07 23:18:08,NULL,NULL,NULL,NULL
7,4,10/09/07 23:18:08,1,201,10/23/07 23:18:08,10/21/07 23:18:08,NULL,NULL,NULL,NULL
7,4,10/23/07 23:18:08,1,201,11/06/07 23:18:08,11/04/07 23:18:08,NULL,NULL,NULL,NULL
7,4,11/06/07 23:18:08,1,201,11/20/07 23:18:08,11/18/07 23:18:08,NULL,NULL,NULL,NULL
7,4,11/20/07 23:18:08,1,201,12/04/07 23:18:08,12/02/07 23:18:08,NULL,NULL,NULL,NULL
7,4,12/04/07 23:18:08,1,201,12/18/07 23:18:08,12/16/07 23:18:08,NULL,NULL,NULL,NULL
7,4,12/18/07 23:18:08,1,201,1/01/08 23:18:08,12/30/07 23:18:08,NULL,NULL,NULL,NULL
7,9,1/05/07 23:18:08,1,452,1/19/07 23:18:08,1/20/07 23:18:08,NULL,NULL,NULL,NULL
7,9,1/19/07 23:18:08,1,452,2/02/07 23:18:08,2/03/07 23:18:08,NULL,NULL,NULL,NULL
7,9,2/02/07 23:18:08,1,452,2/16/07 23:18:08,2/17/07 23:18:08,NULL,NULL,NULL,NULL
7,9,2/16/07 23:18:08,1,452,3/02/07 23:18:08,3/03/07 23:18:08,NULL,NULL,NULL,NULL
7,9,3/02/07 23:18:08,1,452,3/16/07 23:18:08,3/17/07 23:18:08,NULL,NULL,NULL,NULL
7,9,3/16/07 23:18:08,1,452,3/30/07 23:18:08,3/31/07 23:18:08,NULL,NULL,NULL,NULL
7,9,3/30/07 23:18:08,1,452,4/13/07 23:18:08,4/14/07 23:18:08,NULL,NULL,NULL,NULL
7,9,4/13/07 23:18:08,1,452,4/27/07 23:18:08,4/28/07 23:18:08,NULL,NULL,NULL,NULL
7,9,4/27/07 23:18:08,1,452,5/11/07 23:18:08,5/12/07 23:18:08,NULL,NULL,NULL,NULL
7,9,5/11/07 23:18:08,1,452,5/25/07 23:18:08,5/26/07 23:18:08,NULL,NULL,NULL,NULL
7,9,5/25/07 23:18:08,1,452,6/08/07 23:18:08,6/09/07 23:18:08,NULL,NULL,NULL,NULL
7,9,6/08/07 23:18:08,1,452,6/22/07 23:18:08,6/23/07 23:18:08,NULL,NULL,NULL,NULL
7,9,6/22/07 23:18:08,1,452,7/06/07 23:18:08,7/07/07 23:18:08,NULL,NULL,NULL,NULL
7,9,7/06/07 23:18:08,1,452,7/20/07 23:18:08,7/21/07 23:18:08,NULL,NULL,NULL,NULL
7,9,7/20/07 23:18:08,1,452,8/03/07 23:18:08,8/04/07 23:18:08,NULL,NULL,NULL,NULL
7,9,8/03/07 23:18:08,1,452,8/17/07 23:18:08,8/18/07 23:18:08,NULL,NULL,NULL,NULL
7,9,8/17/07 23:18:08,1,452,8/31/07 23:18:08,9/01/07 23:18:08,NULL,NULL,NULL,NULL
7,9,8/31/07 23:18:08,1,452,9/14/07 23:18:08,9/15/07 23:18:08,NULL,NULL,NULL,NULL
7,9,9/14/07 23:18:08,1,452,9/28/07 23:18:08,9/29/07 23:18:08,NULL,NULL,NULL,NULL
7,9,9/28/07 23:18:08,1,452,10/12/07 23:18:08,10/13/07 23:18:08,NULL,NULL,NULL,NULL
7,9,10/12/07 23:18:08,1,452,10/26/07 23:18:08,10/27/07 23:18:08,NULL,NULL,NULL,NULL
7,9,10/26/07 23:18:08,1,452,11/09/07 23:18:08,11/10/07 23:18:08,NULL,NULL,NULL,NULL
7,9,11/09/07 23:18:08,1,452,11/23/07 23:18:08,11/24/07 23:18:08,NULL,NULL,NULL,NULL
7,9,11/23/07 23:18:08,1,452,12/07/07 23:18:08,12/08/07 23:18:08,NULL,NULL,NULL,NULL
7,9,12/07/07 23:18:08,1,452,12/21/07 23:18:08,12/22/07 23:18:08,NULL,NULL,NULL,NULL
7,9,12/21/07 23:18:08,1,452,1/04/08 23:18:08,1/05/08 23:18:08,NULL,NULL,NULL,NULL
8,3,12/29/06 23:18:08,1,173,1/12/07 23:18:08,1/06/07 23:18:08,NULL,NULL,NULL,NULL
8,3,1/12/07 23:18:08,1,173,1/26/07 23:18:08,1/20/07 23:18:08,NULL,NULL,NULL,NULL
8,3,1/26/07 23:18:08,1,173,2/09/07 23:18:08,2/03/07 23:18:08,NULL,NULL,NULL,NULL
8,3,2/09/07 23:18:08,1,173,2/23/07 23:18:08,2/17/07 23:18:08,NULL,NULL,NULL,NULL
8,3,2/23/07 23:18:08,1,173,3/09/07 23:18:08,3/03/07 23:18:08,NULL,NULL,NULL,NULL
8,3,3/09/07 23:18:08,1,173,3/23/07 23:18:08,3/17/07 23:18:08,NULL,NULL,NULL,NULL
8,3,3/23/07 23:18:08,1,173,4/06/07 23:18:08,3/31/07 23:18:08,NULL,NULL,NULL,NULL
8,3,4/06/07 23:18:08,1,173,4/20/07 23:18:08,4/14/07 23:18:08,NULL,NULL,NULL,NULL
8,3,4/20/07 23:18:08,1,173,5/04/07 23:18:08,4/28/07 23:18:08,NULL,NULL,NULL,NULL
8,3,5/04/07 23:18:08,1,173,5/18/07 23:18:08,5/12/07 23:18:08,NULL,NULL,NULL,NULL
8,3,5/18/07 23:18:08,1,173,6/01/07 23:18:08,5/26/07 23:18:08,NULL,NULL,NULL,NULL
8,3,6/01/07 23:18:08,1,173,6/15/07 23:18:08,6/09/07 23:18:08,NULL,NULL,NULL,NULL
8,3,6/15/07 23:18:08,1,173,6/29/07 23:18:08,6/23/07 23:18:08,NULL,NULL,NULL,NULL
8,3,6/29/07 23:18:08,1,173,7/13/07 23:18:08,7/07/07 23:18:08,NULL,NULL,NULL,NULL
8,3,7/13/07 23:18:08,1,173,7/27/07 23:18:08,7/21/07 23:18:08,NULL,NULL,NULL,NULL
8,3,7/27/07 23:18:08,1,173,8/10/07 23:18:08,8/04/07 23:18:08,NULL,NULL,NULL,NULL
8,3,8/10/07 23:18:08,1,173,8/24/07 23:18:08,8/18/07 23:18:08,NULL,NULL,NULL,NULL
8,3,8/24/07 23:18:08,1,173,9/07/07 23:18:08,9/01/07 23:18:08,NULL,NULL,NULL,NULL
8,3,9/07/07 23:18:08,1,173,9/21/07 23:18:08,9/15/07 23:18:08,NULL,NULL,NULL,NULL
8,3,9/21/07 23:18:08,1,173,10/05/07 23:18:08,9/29/07 23:18:08,NULL,NULL,NULL,NULL
8,3,10/05/07 23:18:08,1,173,10/19/07 23:18:08,10/13/07 23:18:08,NULL,NULL,NULL,NULL
8,3,10/19/07 23:18:08,1,173,11/02/07 23:18:08,10/27/07 23:18:08,NULL,NULL,NULL,NULL
8,3,11/02/07 23:18:08,1,173,11/16/07 23:18:08,11/10/07 23:18:08,NULL,NULL,NULL,NULL
8,3,11/16/07 23:18:08,1,173,11/30/07 23:18:08,11/24/07 23:18:08,NULL,NULL,NULL,NULL
8,3,11/30/07 23:18:08,1,173,12/14/07 23:18:08,12/08/07 23:18:08,NULL,NULL,NULL,NULL
8,3,12/14/07 23:18:08,1,173,12/28/07 23:18:08,12/22/07 23:18:08,NULL,NULL,NULL,NULL
8,8,12/21/06 23:18:08,1,459,1/04/07 23:18:08,12/21/06 23:18:08,NULL,NULL,NULL,NULL
8,8,1/04/07 23:18:08,1,459,1/18/07 23:18:08,1/04/07 23:18:08,NULL,NULL,NULL,NULL
8,8,1/18/07 23:18:08,1,459,2/01/07 23:18:08,1/18/07 23:18:08,NULL,NULL,NULL,NULL
8,8,2/01/07 23:18:08,1,459,2/15/07 23:18:08,2/01/07 23:18:08,NULL,NULL,NULL,NULL
8,8,2/15/07 23:18:08,1,459,3/01/07 23:18:08,2/15/07 23:18:08,NULL,NULL,NULL,NULL
8,8,3/01/07 23:18:08,1,459,3/15/07 23:18:08,3/01/07 23:18:08,NULL,NULL,NULL,NULL
8,8,3/15/07 23:18:08,1,459,3/29/07 23:18:08,3/15/07 23:18:08,NULL,NULL,NULL,NULL
8,8,3/29/07 23:18:08,1,459,4/12/07 23:18:08,3/29/07 23:18:08,NULL,NULL,NULL,NULL
8,8,4/12/07 23:18:08,1,459,4/26/07 23:18:08,4/12/07 23:18:08,NULL,NULL,NULL,NULL
8,8,4/26/07 23:18:08,1,459,5/10/07 23:18:08,4/26/07 23:18:08,NULL,NULL,NULL,NULL
8,8,5/10/07 23:18:08,1,459,5/24/07 23:18:08,5/10/07 23:18:08,NULL,NULL,NULL,NULL
8,8,5/24/07 23:18:08,1,459,6/07/07 23:18:08,5/24/07 23:18:08,NULL,NULL,NULL,NULL
8,8,6/07/07 23:18:08,1,459,6/21/07 23:18:08,6/07/07 23:18:08,NULL,NULL,NULL,NULL
8,8,6/21/07 23:18:08,1,459,7/05/07 23:18:08,6/21/07 23:18:08,NULL,NULL,NULL,NULL
8,8,7/05/07 23:18:08,1,459,7/19/07 23:18:08,7/05/07 23:18:08,NULL,NULL,NULL,NULL
8,8,7/19/07 23:18:08,1,459,8/02/07 23:18:08,7/19/07 23:18:08,NULL,NULL,NULL,NULL
8,8,8/02/07 23:18:08,1,459,8/16/07 23:18:08,8/02/07 23:18:08,NULL,NULL,NULL,NULL
8,8,8/16/07 23:18:08,1,459,8/30/07 23:18:08,8/16/07 23:18:08,NULL,NULL,NULL,NULL
8,8,8/30/07 23:18:08,1,459,9/13/07 23:18:08,8/30/07 23:18:08,NULL,NULL,NULL,NULL
8,8,9/13/07 23:18:08,1,459,9/27/07 23:18:08,9/13/07 23:18:08,NULL,NULL,NULL,NULL
8,8,9/27/07 23:18:08,1,459,10/11/07 23:18:08,9/27/07 23:18:08,NULL,NULL,NULL,NULL
8,8,10/11/07 23:18:08,1,459,10/25/07 23:18:08,10/11/07 23:18:08,NULL,NULL,NULL,NULL
8,8,10/25/07 23:18:08,1,459,11/08/07 23:18:08,10/25/07 23:18:08,NULL,NULL,NULL,NULL
8,8,11/08/07 23:18:08,1,459,11/22/07 23:18:08,11/08/07 23:18:08,NULL,NULL,NULL,NULL
8,8,11/22/07 23:18:08,1,459,12/06/07 23:18:08,11/22/07 23:18:08,NULL,NULL,NULL,NULL
8,8,12/06/07 23:18:08,1,459,12/20/07 23:18:08,12/06/07 23:18:08,NULL,NULL,NULL,NULL
9,2,12/23/06 23:18:08,1,130,1/06/07 23:18:08,12/25/06 23:18:08,NULL,NULL,NULL,NULL
9,2,1/06/07 23:18:08,1,130,1/20/07 23:18:08,1/08/07 23:18:08,NULL,NULL,NULL,NULL
9,2,1/20/07 23:18:08,1,130,2/03/07 23:18:08,1/22/07 23:18:08,NULL,NULL,NULL,NULL
9,2,2/03/07 23:18:08,1,130,2/17/07 23:18:08,2/05/07 23:18:08,NULL,NULL,NULL,NULL
9,2,2/17/07 23:18:08,1,130,3/03/07 23:18:08,2/19/07 23:18:08,NULL,NULL,NULL,NULL
9,2,3/03/07 23:18:08,1,130,3/17/07 23:18:08,3/05/07 23:18:08,NULL,NULL,NULL,NULL
9,2,3/17/07 23:18:08,1,130,3/31/07 23:18:08,3/19/07 23:18:08,NULL,NULL,NULL,NULL
9,2,3/31/07 23:18:08,1,130,4/14/07 23:18:08,4/02/07 23:18:08,NULL,NULL,NULL,NULL
9,2,4/14/07 23:18:08,1,130,4/28/07 23:18:08,4/16/07 23:18:08,NULL,NULL,NULL,NULL
9,2,4/28/07 23:18:08,1,130,5/12/07 23:18:08,4/30/07 23:18:08,NULL,NULL,NULL,NULL
9,2,5/12/07 23:18:08,1,130,5/26/07 23:18:08,5/14/07 23:18:08,NULL,NULL,NULL,NULL
9,2,5/26/07 23:18:08,1,130,6/09/07 23:18:08,5/28/07 23:18:08,NULL,NULL,NULL,NULL
9,2,6/09/07 23:18:08,1,130,6/23/07 23:18:08,6/11/07 23:18:08,NULL,NULL,NULL,NULL
9,2,6/23/07 23:18:08,1,130,7/07/07 23:18:08,6/25/07 23:18:08,NULL,NULL,NULL,NULL
9,2,7/07/07 23:18:08,1,130,7/21/07 23:18:08,7/09/07 23:18:08,NULL,NULL,NULL,NULL
9,2,7/21/07 23:18:08,1,130,8/04/07 23:18:08,7/23/07 23:18:08,NULL,NULL,NULL,NULL
9,2,8/04/07 23:18:08,1,130,8/18/07 23:18:08,8/06/07 23:18:08,NULL,NULL,NULL,NULL
9,2,8/18/07 23:18:08,1,130,9/01/07 23:18:08,8/20/07 23:18:08,NULL,NULL,NULL,NULL
9,2,9/01/07 23:18:08,1,130,9/15/07 23:18:08,9/03/07 23:18:08,NULL,NULL,NULL,NULL
9,2,9/15/07 23:18:08,1,130,9/29/07 23:18:08,9/17/07 23:18:08,NULL,NULL,NULL,NULL
9,2,9/29/07 23:18:08,1,130,10/13/07 23:18:08,10/01/07 23:18:08,NULL,NULL,NULL,NULL
9,2,10/13/07 23:18:08,1,130,10/27/07 23:18:08,10/15/07 23:18:08,NULL,NULL,NULL,NULL
9,2,10/27/07 23:18:08,1,130,11/10/07 23:18:08,10/29/07 23:18:08,NULL,NULL,NULL,NULL
9,2,11/10/07 23:18:08,1,130,11/24/07 23:18:08,11/12/07 23:18:08,NULL,NULL,NULL,NULL
9,2,11/24/07 23:18:08,1,130,12/08/07 23:18:08,11/26/07 23:18:08,NULL,NULL,NULL,NULL
9,2,12/08/07 23:18:08,1,130,12/22/07 23:18:08,12/10/07 23:18:08,NULL,NULL,NULL,NULL
9,7,1/05/07 23:18:08,1,452,1/19/07 23:18:08,1/20/07 23:18:08,NULL,NULL,NULL,NULL
9,7,1/19/07 23:18:08,1,452,2/02/07 23:18:08,2/03/07 23:18:08,NULL,NULL,NULL,NULL
9,7,2/02/07 23:18:08,1,452,2/16/07 23:18:08,2/17/07 23:18:08,NULL,NULL,NULL,NULL
9,7,2/16/07 23:18:08,1,452,3/02/07 23:18:08,3/03/07 23:18:08,NULL,NULL,NULL,NULL
9,7,3/02/07 23:18:08,1,452,3/16/07 23:18:08,3/17/07 23:18:08,NULL,NULL,NULL,NULL
9,7,3/16/07 23:18:08,1,452,3/30/07 23:18:08,3/31/07 23:18:08,NULL,NULL,NULL,NULL
9,7,3/30/07 23:18:08,1,452,4/13/07 23:18:08,4/14/07 23:18:08,NULL,NULL,NULL,NULL
9,7,4/13/07 23:18:08,1,452,4/27/07 23:18:08,4/28/07 23:18:08,NULL,NULL,NULL,NULL
9,7,4/27/07 23:18:08,1,452,5/11/07 23:18:08,5/12/07 23:18:08,NULL,NULL,NULL,NULL
9,7,5/11/07 23:18:08,1,452,5/25/07 23:18:08,5/26/07 23:18:08,NULL,NULL,NULL,NULL
9,7,5/25/07 23:18:08,1,452,6/08/07 23:18:08,6/09/07 23:18:08,NULL,NULL,NULL,NULL
9,7,6/08/07 23:18:08,1,452,6/22/07 23:18:08,6/23/07 23:18:08,NULL,NULL,NULL,NULL
9,7,6/22/07 23:18:08,1,452,7/06/07 23:18:08,7/07/07 23:18:08,NULL,NULL,NULL,NULL
9,7,7/06/07 23:18:08,1,452,7/20/07 23:18:08,7/21/07 23:18:08,NULL,NULL,NULL,NULL
9,7,7/20/07 23:18:08,1,452,8/03/07 23:18:08,8/04/07 23:18:08,NULL,NULL,NULL,NULL
9,7,8/03/07 23:18:08,1,452,8/17/07 23:18:08,8/18/07 23:18:08,NULL,NULL,NULL,NULL
9,7,8/17/07 23:18:08,1,452,8/31/07 23:18:08,9/01/07 23:18:08,NULL,NULL,NULL,NULL
9,7,8/31/07 23:18:08,1,452,9/14/07 23:18:08,9/15/07 23:18:08,NULL,NULL,NULL,NULL
9,7,9/14/07 23:18:08,1,452,9/28/07 23:18:08,9/29/07 23:18:08,NULL,NULL,NULL,NULL
9,7,9/28/07 23:18:08,1,452,10/12/07 23:18:08,10/13/07 23:18:08,NULL,NULL,NULL,NULL
9,7,10/12/07 23:18:08,1,452,10/26/07 23:18:08,10/27/07 23:18:08,NULL,NULL,NULL,NULL
9,7,10/26/07 23:18:08,1,452,11/09/07 23:18:08,11/10/07 23:18:08,NULL,NULL,NULL,NULL
9,7,11/09/07 23:18:08,1,452,11/23/07 23:18:08,11/24/07 23:18:08,NULL,NULL,NULL,NULL
9,7,11/23/07 23:18:08,1,452,12/07/07 23:18:08,12/08/07 23:18:08,NULL,NULL,NULL,NULL
9,7,12/07/07 23:18:08,1,452,12/21/07 23:18:08,12/22/07 23:18:08,NULL,NULL,NULL,NULL
9,7,12/21/07 23:18:08,1,452,1/04/08 23:18:08,1/05/08 23:18:08,NULL,NULL,NULL,NULL
10,1,12/31/06 23:18:08,1,73,1/14/07 23:18:08,1/10/07 23:18:08,NULL,NULL,NULL,NULL
10,1,1/14/07 23:18:08,1,73,1/28/07 23:18:08,1/24/07 23:18:08,NULL,NULL,NULL,NULL
10,1,1/28/07 23:18:08,1,73,2/11/07 23:18:08,2/07/07 23:18:08,NULL,NULL,NULL,NULL
10,1,2/11/07 23:18:08,1,73,2/25/07 23:18:08,2/21/07 23:18:08,NULL,NULL,NULL,NULL
10,1,2/25/07 23:18:08,1,73,3/11/07 23:18:08,3/07/07 23:18:08,NULL,NULL,NULL,NULL
10,1,3/11/07 23:18:08,1,73,3/25/07 23:18:08,3/21/07 23:18:08,NULL,NULL,NULL,NULL
10,1,3/25/07 23:18:08,1,73,4/08/07 23:18:08,4/04/07 23:18:08,NULL,NULL,NULL,NULL
10,1,4/08/07 23:18:08,1,73,4/22/07 23:18:08,4/18/07 23:18:08,NULL,NULL,NULL,NULL
10,1,4/22/07 23:18:08,1,73,5/06/07 23:18:08,5/02/07 23:18:08,NULL,NULL,NULL,NULL
10,1,5/06/07 23:18:08,1,73,5/20/07 23:18:08,5/16/07 23:18:08,NULL,NULL,NULL,NULL
10,1,5/20/07 23:18:08,1,73,6/03/07 23:18:08,5/30/07 23:18:08,NULL,NULL,NULL,NULL
10,1,6/03/07 23:18:08,1,73,6/17/07 23:18:08,6/13/07 23:18:08,NULL,NULL,NULL,NULL
10,1,6/17/07 23:18:08,1,73,7/01/07 23:18:08,6/27/07 23:18:08,NULL,NULL,NULL,NULL
10,1,7/01/07 23:18:08,1,73,7/15/07 23:18:08,7/11/07 23:18:08,NULL,NULL,NULL,NULL
10,1,7/15/07 23:18:08,1,73,7/29/07 23:18:08,7/25/07 23:18:08,NULL,NULL,NULL,NULL
10,1,7/29/07 23:18:08,1,73,8/12/07 23:18:08,8/08/07 23:18:08,NULL,NULL,NULL,NULL
10,1,8/12/07 23:18:08,1,73,8/26/07 23:18:08,8/22/07 23:18:08,NULL,NULL,NULL,NULL
10,1,8/26/07 23:18:08,1,73,9/09/07 23:18:08,9/05/07 23:18:08,NULL,NULL,NULL,NULL
10,1,9/09/07 23:18:08,1,73,9/23/07 23:18:08,9/19/07 23:18:08,NULL,NULL,NULL,NULL
10,1,9/23/07 23:18:08,1,73,10/07/07 23:18:08,10/03/07 23:18:08,NULL,NULL,NULL,NULL
10,1,10/07/07 23:18:08,1,73,10/21/07 23:18:08,10/17/07 23:18:08,NULL,NULL,NULL,NULL
10,1,10/21/07 23:18:08,1,73,11/04/07 23:18:08,10/31/07 23:18:08,NULL,NULL,NULL,NULL
10,1,11/04/07 23:18:08,1,73,11/18/07 23:18:08,11/14/07 23:18:08,NULL,NULL,NULL,NULL
10,1,11/18/07 23:18:08,1,73,12/02/07 23:18:08,11/28/07 23:18:08,NULL,NULL,NULL,NULL
10,1,12/02/07 23:18:08,1,73,12/16/07 23:18:08,12/12/07 23:18:08,NULL,NULL,NULL,NULL
10,1,12/16/07 23:18:08,1,73,12/30/07 23:18:08,12/26/07 23:18:08,NULL,NULL,NULL,NULL
10,6,1/02/07 23:18:08,1,430,1/16/07 23:18:08,1/14/07 23:18:08,NULL,NULL,NULL,NULL
10,6,1/16/07 23:18:08,1,430,1/30/07 23:18:08,1/28/07 23:18:08,NULL,NULL,NULL,NULL
10,6,1/30/07 23:18:08,1,430,2/13/07 23:18:08,2/11/07 23:18:08,NULL,NULL,NULL,NULL
10,6,2/13/07 23:18:08,1,430,2/27/07 23:18:08,2/25/07 23:18:08,NULL,NULL,NULL,NULL
10,6,2/27/07 23:18:08,1,430,3/13/07 23:18:08,3/11/07 23:18:08,NULL,NULL,NULL,NULL
10,6,3/13/07 23:18:08,1,430,3/27/07 23:18:08,3/25/07 23:18:08,NULL,NULL,NULL,NULL
10,6,3/27/07 23:18:08,1,430,4/10/07 23:18:08,4/08/07 23:18:08,NULL,NULL,NULL,NULL
10,6,4/10/07 23:18:08,1,430,4/24/07 23:18:08,4/22/07 23:18:08,NULL,NULL,NULL,NULL
10,6,4/24/07 23:18:08,1,430,5/08/07 23:18:08,5/06/07 23:18:08,NULL,NULL,NULL,NULL
10,6,5/08/07 23:18:08,1,430,5/22/07 23:18:08,5/20/07 23:18:08,NULL,NULL,NULL,NULL
10,6,5/22/07 23:18:08,1,430,6/05/07 23:18:08,6/03/07 23:18:08,NULL,NULL,NULL,NULL
10,6,6/05/07 23:18:08,1,430,6/19/07 23:18:08,6/17/07 23:18:08,NULL,NULL,NULL,NULL
10,6,6/19/07 23:18:08,1,430,7/03/07 23:18:08,7/01/07 23:18:08,NULL,NULL,NULL,NULL
10,6,7/03/07 23:18:08,1,430,7/17/07 23:18:08,7/15/07 23:18:08,NULL,NULL,NULL,NULL
10,6,7/17/07 23:18:08,1,430,7/31/07 23:18:08,7/29/07 23:18:08,NULL,NULL,NULL,NULL
10,6,7/31/07 23:18:08,1,430,8/14/07 23:18:08,8/12/07 23:18:08,NULL,NULL,NULL,NULL
10,6,8/14/07 23:18:08,1,430,8/28/07 23:18:08,8/26/07 23:18:08,NULL,NULL,NULL,NULL
10,6,8/28/07 23:18:08,1,430,9/11/07 23:18:08,9/09/07 23:18:08,NULL,NULL,NULL,NULL
10,6,9/11/07 23:18:08,1,430,9/25/07 23:18:08,9/23/07 23:18:08,NULL,NULL,NULL,NULL
10,6,9/25/07 23:18:08,1,430,10/09/07 23:18:08,10/07/07 23:18:08,NULL,NULL,NULL,NULL
10,6,10/09/07 23:18:08,1,430,10/23/07 23:18:08,10/21/07 23:18:08,NULL,NULL,NULL,NULL
10,6,10/23/07 23:18:08,1,430,11/06/07 23:18:08,11/04/07 23:18:08,NULL,NULL,NULL,NULL
10,6,11/06/07 23:18:08,1,430,11/20/07 23:18:08,11/18/07 23:18:08,NULL,NULL,NULL,NULL
10,6,11/20/07 23:18:08,1,430,12/04/07 23:18:08,12/02/07 23:18:08,NULL,NULL,NULL,NULL
10,6,12/04/07 23:18:08,1,430,12/18/07 23:18:08,12/16/07 23:18:08,NULL,NULL,NULL,NULL
10,6,12/18/07 23:18:08,1,430,1/01/08 23:18:08,12/30/07 23:18:08,NULL,NULL,NULL,NULL
11,5,12/28/06 23:18:08,2,395,1/11/07 23:18:08,1/04/07 23:18:08,NULL,NULL,NULL,NULL
11,5,1/11/07 23:18:08,2,395,1/25/07 23:18:08,1/18/07 23:18:08,NULL,NULL,NULL,NULL
11,5,1/25/07 23:18:08,2,395,2/08/07 23:18:08,2/01/07 23:18:08,NULL,NULL,NULL,NULL
11,5,2/08/07 23:18:08,2,395,2/22/07 23:18:08,2/15/07 23:18:08,NULL,NULL,NULL,NULL
11,5,2/22/07 23:18:08,2,395,3/08/07 23:18:08,3/01/07 23:18:08,NULL,NULL,NULL,NULL
11,5,3/08/07 23:18:08,2,395,3/22/07 23:18:08,3/15/07 23:18:08,NULL,NULL,NULL,NULL
11,5,3/22/07 23:18:08,2,395,4/05/07 23:18:08,3/29/07 23:18:08,NULL,NULL,NULL,NULL
11,5,4/05/07 23:18:08,2,395,4/19/07 23:18:08,4/12/07 23:18:08,NULL,NULL,NULL,NULL
11,5,4/19/07 23:18:08,2,395,5/03/07 23:18:08,4/26/07 23:18:08,NULL,NULL,NULL,NULL
11,5,5/03/07 23:18:08,2,395,5/17/07 23:18:08,5/10/07 23:18:08,NULL,NULL,NULL,NULL
11,5,5/17/07 23:18:08,2,395,5/31/07 23:18:08,5/24/07 23:18:08,NULL,NULL,NULL,NULL
11,5,5/31/07 23:18:08,2,395,6/14/07 23:18:08,6/07/07 23:18:08,NULL,NULL,NULL,NULL
11,5,6/14/07 23:18:08,2,395,6/28/07 23:18:08,6/21/07 23:18:08,NULL,NULL,NULL,NULL
11,5,6/28/07 23:18:08,2,395,7/12/07 23:18:08,7/05/07 23:18:08,NULL,NULL,NULL,NULL
11,5,7/12/07 23:18:08,2,395,7/26/07 23:18:08,7/19/07 23:18:08,NULL,NULL,NULL,NULL
11,5,7/26/07 23:18:08,2,395,8/09/07 23:18:08,8/02/07 23:18:08,NULL,NULL,NULL,NULL
11,5,8/09/07 23:18:08,2,395,8/23/07 23:18:08,8/16/07 23:18:08,NULL,NULL,NULL,NULL
11,5,8/23/07 23:18:08,2,395,9/06/07 23:18:08,8/30/07 23:18:08,NULL,NULL,NULL,NULL
11,5,9/06/07 23:18:08,2,395,9/20/07 23:18:08,9/13/07 23:18:08,NULL,NULL,NULL,NULL
11,5,9/20/07 23:18:08,2,395,10/04/07 23:18:08,9/27/07 23:18:08,NULL,NULL,NULL,NULL
11,5,10/04/07 23:18:08,2,395,10/18/07 23:18:08,10/11/07 23:18:08,NULL,NULL,NULL,NULL
11,5,10/18/07 23:18:08,2,395,11/01/07 23:18:08,10/25/07 23:18:08,NULL,NULL,NULL,NULL
11,5,11/01/07 23:18:08,2,395,11/15/07 23:18:08,11/08/07 23:18:08,NULL,NULL,NULL,NULL
11,5,11/15/07 23:18:08,2,395,11/29/07 23:18:08,11/22/07 23:18:08,NULL,NULL,NULL,NULL
11,5,11/29/07 23:18:08,2,395,12/13/07 23:18:08,12/06/07 23:18:08,NULL,NULL,NULL,NULL
11,5,12/13/07 23:18:08,2,395,12/27/07 23:18:08,12/20/07 23:18:08,NULL,NULL,NULL,NULL
11,10,1/04/07 23:18:08,2,789,1/18/07 23:18:08,1/18/07 23:18:08,NULL,NULL,NULL,NULL
11,10,1/18/07 23:18:08,2,789,2/01/07 23:18:08,2/01/07 23:18:08,NULL,NULL,NULL,NULL
11,10,2/01/07 23:18:08,2,789,2/15/07 23:18:08,2/15/07 23:18:08,NULL,NULL,NULL,NULL
11,10,2/15/07 23:18:08,2,789,3/01/07 23:18:08,3/01/07 23:18:08,NULL,NULL,NULL,NULL
11,10,3/01/07 23:18:08,2,789,3/15/07 23:18:08,3/15/07 23:18:08,NULL,NULL,NULL,NULL
11,10,3/15/07 23:18:08,2,789,3/29/07 23:18:08,3/29/07 23:18:08,NULL,NULL,NULL,NULL
11,10,3/29/07 23:18:08,2,789,4/12/07 23:18:08,4/12/07 23:18:08,NULL,NULL,NULL,NULL
11,10,4/12/07 23:18:08,2,789,4/26/07 23:18:08,4/26/07 23:18:08,NULL,NULL,NULL,NULL
11,10,4/26/07 23:18:08,2,789,5/10/07 23:18:08,5/10/07 23:18:08,NULL,NULL,NULL,NULL
11,10,5/10/07 23:18:08,2,789,5/24/07 23:18:08,5/24/07 23:18:08,NULL,NULL,NULL,NULL
11,10,5/24/07 23:18:08,2,789,6/07/07 23:18:08,6/07/07 23:18:08,NULL,NULL,NULL,NULL
11,10,6/07/07 23:18:08,2,789,6/21/07 23:18:08,6/21/07 23:18:08,NULL,NULL,NULL,NULL
11,10,6/21/07 23:18:08,2,789,7/05/07 23:18:08,7/05/07 23:18:08,NULL,NULL,NULL,NULL
11,10,7/05/07 23:18:08,2,789,7/19/07 23:18:08,7/19/07 23:18:08,NULL,NULL,NULL,NULL
11,10,7/19/07 23:18:08,2,789,8/02/07 23:18:08,8/02/07 23:18:08,NULL,NULL,NULL,NULL
11,10,8/02/07 23:18:08,2,789,8/16/07 23:18:08,8/16/07 23:18:08,NULL,NULL,NULL,NULL
11,10,8/16/07 23:18:08,2,789,8/30/07 23:18:08,8/30/07 23:18:08,NULL,NULL,NULL,NULL
11,10,8/30/07 23:18:08,2,789,9/13/07 23:18:08,9/13/07 23:18:08,NULL,NULL,NULL,NULL
11,10,9/13/07 23:18:08,2,789,9/27/07 23:18:08,9/27/07 23:18:08,NULL,NULL,NULL,NULL
11,10,9/27/07 23:18:08,2,789,10/11/07 23:18:08,10/11/07 23:18:08,NULL,NULL,NULL,NULL
11,10,10/11/07 23:18:08,2,789,10/25/07 23:18:08,10/25/07 23:18:08,NULL,NULL,NULL,NULL
11,10,10/25/07 23:18:08,2,789,11/08/07 23:18:08,11/08/07 23:18:08,NULL,NULL,NULL,NULL
11,10,11/08/07 23:18:08,2,789,11/22/07 23:18:08,11/22/07 23:18:08,NULL,NULL,NULL,NULL
11,10,11/22/07 23:18:08,2,789,12/06/07 23:18:08,12/06/07 23:18:08,NULL,NULL,NULL,NULL
11,10,12/06/07 23:18:08,2,789,12/20/07 23:18:08,12/20/07 23:18:08,NULL,NULL,NULL,NULL
11,10,12/20/07 23:18:08,2,789,1/03/08 23:18:08,1/03/08 23:18:08,NULL,NULL,NULL,NULL
12,4,12/21/06 23:18:08,2,344,1/04/07 23:18:08,12/21/06 23:18:08,NULL,NULL,NULL,NULL
12,4,1/04/07 23:18:08,2,344,1/18/07 23:18:08,1/04/07 23:18:08,NULL,NULL,NULL,NULL
12,4,1/18/07 23:18:08,2,344,2/01/07 23:18:08,1/18/07 23:18:08,NULL,NULL,NULL,NULL
12,4,2/01/07 23:18:08,2,344,2/15/07 23:18:08,2/01/07 23:18:08,NULL,NULL,NULL,NULL
12,4,2/15/07 23:18:08,2,344,3/01/07 23:18:08,2/15/07 23:18:08,NULL,NULL,NULL,NULL
12,4,3/01/07 23:18:08,2,344,3/15/07 23:18:08,3/01/07 23:18:08,NULL,NULL,NULL,NULL
12,4,3/15/07 23:18:08,2,344,3/29/07 23:18:08,3/15/07 23:18:08,NULL,NULL,NULL,NULL
12,4,3/29/07 23:18:08,2,344,4/12/07 23:18:08,3/29/07 23:18:08,NULL,NULL,NULL,NULL
12,4,4/12/07 23:18:08,2,344,4/26/07 23:18:08,4/12/07 23:18:08,NULL,NULL,NULL,NULL
12,4,4/26/07 23:18:08,2,344,5/10/07 23:18:08,4/26/07 23:18:08,NULL,NULL,NULL,NULL
12,4,5/10/07 23:18:08,2,344,5/24/07 23:18:08,5/10/07 23:18:08,NULL,NULL,NULL,NULL
12,4,5/24/07 23:18:08,2,344,6/07/07 23:18:08,5/24/07 23:18:08,NULL,NULL,NULL,NULL
12,4,6/07/07 23:18:08,2,344,6/21/07 23:18:08,6/07/07 23:18:08,NULL,NULL,NULL,NULL
12,4,6/21/07 23:18:08,2,344,7/05/07 23:18:08,6/21/07 23:18:08,NULL,NULL,NULL,NULL
12,4,7/05/07 23:18:08,2,344,7/19/07 23:18:08,7/05/07 23:18:08,NULL,NULL,NULL,NULL
12,4,7/19/07 23:18:08,2,344,8/02/07 23:18:08,7/19/07 23:18:08,NULL,NULL,NULL,NULL
12,4,8/02/07 23:18:08,2,344,8/16/07 23:18:08,8/02/07 23:18:08,NULL,NULL,NULL,NULL
12,4,8/16/07 23:18:08,2,344,8/30/07 23:18:08,8/16/07 23:18:08,NULL,NULL,NULL,NULL
12,4,8/30/07 23:18:08,2,344,9/13/07 23:18:08,8/30/07 23:18:08,NULL,NULL,NULL,NULL
12,4,9/13/07 23:18:08,2,344,9/27/07 23:18:08,9/13/07 23:18:08,NULL,NULL,NULL,NULL
12,4,9/27/07 23:18:08,2,344,10/11/07 23:18:08,9/27/07 23:18:08,NULL,NULL,NULL,NULL
12,4,10/11/07 23:18:08,2,344,10/25/07 23:18:08,10/11/07 23:18:08,NULL,NULL,NULL,NULL
12,4,10/25/07 23:18:08,2,344,11/08/07 23:18:08,10/25/07 23:18:08,NULL,NULL,NULL,NULL
12,4,11/08/07 23:18:08,2,344,11/22/07 23:18:08,11/08/07 23:18:08,NULL,NULL,NULL,NULL
12,4,11/22/07 23:18:08,2,344,12/06/07 23:18:08,11/22/07 23:18:08,NULL,NULL,NULL,NULL
12,4,12/06/07 23:18:08,2,344,12/20/07 23:18:08,12/06/07 23:18:08,NULL,NULL,NULL,NULL
12,9,1/02/07 23:18:08,2,774,1/16/07 23:18:08,1/14/07 23:18:08,NULL,NULL,NULL,NULL
12,9,1/16/07 23:18:08,2,774,1/30/07 23:18:08,1/28/07 23:18:08,NULL,NULL,NULL,NULL
12,9,1/30/07 23:18:08,2,774,2/13/07 23:18:08,2/11/07 23:18:08,NULL,NULL,NULL,NULL
12,9,2/13/07 23:18:08,2,774,2/27/07 23:18:08,2/25/07 23:18:08,NULL,NULL,NULL,NULL
12,9,2/27/07 23:18:08,2,774,3/13/07 23:18:08,3/11/07 23:18:08,NULL,NULL,NULL,NULL
12,9,3/13/07 23:18:08,2,774,3/27/07 23:18:08,3/25/07 23:18:08,NULL,NULL,NULL,NULL
12,9,3/27/07 23:18:08,2,774,4/10/07 23:18:08,4/08/07 23:18:08,NULL,NULL,NULL,NULL
12,9,4/10/07 23:18:08,2,774,4/24/07 23:18:08,4/22/07 23:18:08,NULL,NULL,NULL,NULL
12,9,4/24/07 23:18:08,2,774,5/08/07 23:18:08,5/06/07 23:18:08,NULL,NULL,NULL,NULL
12,9,5/08/07 23:18:08,2,774,5/22/07 23:18:08,5/20/07 23:18:08,NULL,NULL,NULL,NULL
12,9,5/22/07 23:18:08,2,774,6/05/07 23:18:08,6/03/07 23:18:08,NULL,NULL,NULL,NULL
12,9,6/05/07 23:18:08,2,774,6/19/07 23:18:08,6/17/07 23:18:08,NULL,NULL,NULL,NULL
12,9,6/19/07 23:18:08,2,774,7/03/07 23:18:08,7/01/07 23:18:08,NULL,NULL,NULL,NULL
12,9,7/03/07 23:18:08,2,774,7/17/07 23:18:08,7/15/07 23:18:08,NULL,NULL,NULL,NULL
12,9,7/17/07 23:18:08,2,774,7/31/07 23:18:08,7/29/07 23:18:08,NULL,NULL,NULL,NULL
12,9,7/31/07 23:18:08,2,774,8/14/07 23:18:08,8/12/07 23:18:08,NULL,NULL,NULL,NULL
12,9,8/14/07 23:18:08,2,774,8/28/07 23:18:08,8/26/07 23:18:08,NULL,NULL,NULL,NULL
12,9,8/28/07 23:18:08,2,774,9/11/07 23:18:08,9/09/07 23:18:08,NULL,NULL,NULL,NULL
12,9,9/11/07 23:18:08,2,774,9/25/07 23:18:08,9/23/07 23:18:08,NULL,NULL,NULL,NULL
12,9,9/25/07 23:18:08,2,774,10/09/07 23:18:08,10/07/07 23:18:08,NULL,NULL,NULL,NULL
12,9,10/09/07 23:18:08,2,774,10/23/07 23:18:08,10/21/07 23:18:08,NULL,NULL,NULL,NULL
12,9,10/23/07 23:18:08,2,774,11/06/07 23:18:08,11/04/07 23:18:08,NULL,NULL,NULL,NULL
12,9,11/06/07 23:18:08,2,774,11/20/07 23:18:08,11/18/07 23:18:08,NULL,NULL,NULL,NULL
12,9,11/20/07 23:18:08,2,774,12/04/07 23:18:08,12/02/07 23:18:08,NULL,NULL,NULL,NULL
12,9,12/04/07 23:18:08,2,774,12/18/07 23:18:08,12/16/07 23:18:08,NULL,NULL,NULL,NULL
12,9,12/18/07 23:18:08,2,774,1/01/08 23:18:08,12/30/07 23:18:08,NULL,NULL,NULL,NULL
13,3,12/28/06 23:18:08,2,280,1/11/07 23:18:08,1/04/07 23:18:08,NULL,NULL,NULL,NULL
13,3,1/11/07 23:18:08,2,280,1/25/07 23:18:08,1/18/07 23:18:08,NULL,NULL,NULL,NULL
13,3,1/25/07 23:18:08,2,280,2/08/07 23:18:08,2/01/07 23:18:08,NULL,NULL,NULL,NULL
13,3,2/08/07 23:18:08,2,280,2/22/07 23:18:08,2/15/07 23:18:08,NULL,NULL,NULL,NULL
13,3,2/22/07 23:18:08,2,280,3/08/07 23:18:08,3/01/07 23:18:08,NULL,NULL,NULL,NULL
13,3,3/08/07 23:18:08,2,280,3/22/07 23:18:08,3/15/07 23:18:08,NULL,NULL,NULL,NULL
13,3,3/22/07 23:18:08,2,280,4/05/07 23:18:08,3/29/07 23:18:08,NULL,NULL,NULL,NULL
13,3,4/05/07 23:18:08,2,280,4/19/07 23:18:08,4/12/07 23:18:08,NULL,NULL,NULL,NULL
13,3,4/19/07 23:18:08,2,280,5/03/07 23:18:08,4/26/07 23:18:08,NULL,NULL,NULL,NULL
13,3,5/03/07 23:18:08,2,280,5/17/07 23:18:08,5/10/07 23:18:08,NULL,NULL,NULL,NULL
13,3,5/17/07 23:18:08,2,280,5/31/07 23:18:08,5/24/07 23:18:08,NULL,NULL,NULL,NULL
13,3,5/31/07 23:18:08,2,280,6/14/07 23:18:08,6/07/07 23:18:08,NULL,NULL,NULL,NULL
13,3,6/14/07 23:18:08,2,280,6/28/07 23:18:08,6/21/07 23:18:08,NULL,NULL,NULL,NULL
13,3,6/28/07 23:18:08,2,280,7/12/07 23:18:08,7/05/07 23:18:08,NULL,NULL,NULL,NULL
13,3,7/12/07 23:18:08,2,280,7/26/07 23:18:08,7/19/07 23:18:08,NULL,NULL,NULL,NULL
13,3,7/26/07 23:18:08,2,280,8/09/07 23:18:08,8/02/07 23:18:08,NULL,NULL,NULL,NULL
13,3,8/09/07 23:18:08,2,280,8/23/07 23:18:08,8/16/07 23:18:08,NULL,NULL,NULL,NULL
13,3,8/23/07 23:18:08,2,280,9/06/07 23:18:08,8/30/07 23:18:08,NULL,NULL,NULL,NULL
13,3,9/06/07 23:18:08,2,280,9/20/07 23:18:08,9/13/07 23:18:08,NULL,NULL,NULL,NULL
13,3,9/20/07 23:18:08,2,280,10/04/07 23:18:08,9/27/07 23:18:08,NULL,NULL,NULL,NULL
13,3,10/04/07 23:18:08,2,280,10/18/07 23:18:08,10/11/07 23:18:08,NULL,NULL,NULL,NULL
13,3,10/18/07 23:18:08,2,280,11/01/07 23:18:08,10/25/07 23:18:08,NULL,NULL,NULL,NULL
13,3,11/01/07 23:18:08,2,280,11/15/07 23:18:08,11/08/07 23:18:08,NULL,NULL,NULL,NULL
13,3,11/15/07 23:18:08,2,280,11/29/07 23:18:08,11/22/07 23:18:08,NULL,NULL,NULL,NULL
13,3,11/29/07 23:18:08,2,280,12/13/07 23:18:08,12/06/07 23:18:08,NULL,NULL,NULL,NULL
13,3,12/13/07 23:18:08,2,280,12/27/07 23:18:08,12/20/07 23:18:08,NULL,NULL,NULL,NULL
13,8,12/29/06 23:18:08,2,746,1/12/07 23:18:08,1/06/07 23:18:08,NULL,NULL,NULL,NULL
13,8,1/12/07 23:18:08,2,746,1/26/07 23:18:08,1/20/07 23:18:08,NULL,NULL,NULL,NULL
13,8,1/26/07 23:18:08,2,746,2/09/07 23:18:08,2/03/07 23:18:08,NULL,NULL,NULL,NULL
13,8,2/09/07 23:18:08,2,746,2/23/07 23:18:08,2/17/07 23:18:08,NULL,NULL,NULL,NULL
13,8,2/23/07 23:18:08,2,746,3/09/07 23:18:08,3/03/07 23:18:08,NULL,NULL,NULL,NULL
13,8,3/09/07 23:18:08,2,746,3/23/07 23:18:08,3/17/07 23:18:08,NULL,NULL,NULL,NULL
13,8,3/23/07 23:18:08,2,746,4/06/07 23:18:08,3/31/07 23:18:08,NULL,NULL,NULL,NULL
13,8,4/06/07 23:18:08,2,746,4/20/07 23:18:08,4/14/07 23:18:08,NULL,NULL,NULL,NULL
13,8,4/20/07 23:18:08,2,746,5/04/07 23:18:08,4/28/07 23:18:08,NULL,NULL,NULL,NULL
13,8,5/04/07 23:18:08,2,746,5/18/07 23:18:08,5/12/07 23:18:08,NULL,NULL,NULL,NULL
13,8,5/18/07 23:18:08,2,746,6/01/07 23:18:08,5/26/07 23:18:08,NULL,NULL,NULL,NULL
13,8,6/01/07 23:18:08,2,746,6/15/07 23:18:08,6/09/07 23:18:08,NULL,NULL,NULL,NULL
13,8,6/15/07 23:18:08,2,746,6/29/07 23:18:08,6/23/07 23:18:08,NULL,NULL,NULL,NULL
13,8,6/29/07 23:18:08,2,746,7/13/07 23:18:08,7/07/07 23:18:08,NULL,NULL,NULL,NULL
13,8,7/13/07 23:18:08,2,746,7/27/07 23:18:08,7/21/07 23:18:08,NULL,NULL,NULL,NULL
13,8,7/27/07 23:18:08,2,746,8/10/07 23:18:08,8/04/07 23:18:08,NULL,NULL,NULL,NULL
13,8,8/10/07 23:18:08,2,746,8/24/07 23:18:08,8/18/07 23:18:08,NULL,NULL,NULL,NULL
13,8,8/24/07 23:18:08,2,746,9/07/07 23:18:08,9/01/07 23:18:08,NULL,NULL,NULL,NULL
13,8,9/07/07 23:18:08,2,746,9/21/07 23:18:08,9/15/07 23:18:08,NULL,NULL,NULL,NULL
13,8,9/21/07 23:18:08,2,746,10/05/07 23:18:08,9/29/07 23:18:08,NULL,NULL,NULL,NULL
13,8,10/05/07 23:18:08,2,746,10/19/07 23:18:08,10/13/07 23:18:08,NULL,NULL,NULL,NULL
13,8,10/19/07 23:18:08,2,746,11/02/07 23:18:08,10/27/07 23:18:08,NULL,NULL,NULL,NULL
13,8,11/02/07 23:18:08,2,746,11/16/07 23:18:08,11/10/07 23:18:08,NULL,NULL,NULL,NULL
13,8,11/16/07 23:18:08,2,746,11/30/07 23:18:08,11/24/07 23:18:08,NULL,NULL,NULL,NULL
13,8,11/30/07 23:18:08,2,746,12/14/07 23:18:08,12/08/07 23:18:08,NULL,NULL,NULL,NULL
13,8,12/14/07 23:18:08,2,746,12/28/07 23:18:08,12/22/07 23:18:08,NULL,NULL,NULL,NULL
14,2,1/02/07 23:18:08,2,201,1/16/07 23:18:08,1/14/07 23:18:08,NULL,NULL,NULL,NULL
14,2,1/16/07 23:18:08,2,201,1/30/07 23:18:08,1/28/07 23:18:08,NULL,NULL,NULL,NULL
14,2,1/30/07 23:18:08,2,201,2/13/07 23:18:08,2/11/07 23:18:08,NULL,NULL,NULL,NULL
14,2,2/13/07 23:18:08,2,201,2/27/07 23:18:08,2/25/07 23:18:08,NULL,NULL,NULL,NULL
14,2,2/27/07 23:18:08,2,201,3/13/07 23:18:08,3/11/07 23:18:08,NULL,NULL,NULL,NULL
14,2,3/13/07 23:18:08,2,201,3/27/07 23:18:08,3/25/07 23:18:08,NULL,NULL,NULL,NULL
14,2,3/27/07 23:18:08,2,201,4/10/07 23:18:08,4/08/07 23:18:08,NULL,NULL,NULL,NULL
14,2,4/10/07 23:18:08,2,201,4/24/07 23:18:08,4/22/07 23:18:08,NULL,NULL,NULL,NULL
14,2,4/24/07 23:18:08,2,201,5/08/07 23:18:08,5/06/07 23:18:08,NULL,NULL,NULL,NULL
14,2,5/08/07 23:18:08,2,201,5/22/07 23:18:08,5/20/07 23:18:08,NULL,NULL,NULL,NULL
14,2,5/22/07 23:18:08,2,201,6/05/07 23:18:08,6/03/07 23:18:08,NULL,NULL,NULL,NULL
14,2,6/05/07 23:18:08,2,201,6/19/07 23:18:08,6/17/07 23:18:08,NULL,NULL,NULL,NULL
14,2,6/19/07 23:18:08,2,201,7/03/07 23:18:08,7/01/07 23:18:08,NULL,NULL,NULL,NULL
14,2,7/03/07 23:18:08,2,201,7/17/07 23:18:08,7/15/07 23:18:08,NULL,NULL,NULL,NULL
14,2,7/17/07 23:18:08,2,201,7/31/07 23:18:08,7/29/07 23:18:08,NULL,NULL,NULL,NULL
14,2,7/31/07 23:18:08,2,201,8/14/07 23:18:08,8/12/07 23:18:08,NULL,NULL,NULL,NULL
14,2,8/14/07 23:18:08,2,201,8/28/07 23:18:08,8/26/07 23:18:08,NULL,NULL,NULL,NULL
14,2,8/28/07 23:18:08,2,201,9/11/07 23:18:08,9/09/07 23:18:08,NULL,NULL,NULL,NULL
14,2,9/11/07 23:18:08,2,201,9/25/07 23:18:08,9/23/07 23:18:08,NULL,NULL,NULL,NULL
14,2,9/25/07 23:18:08,2,201,10/09/07 23:18:08,10/07/07 23:18:08,NULL,NULL,NULL,NULL
14,2,10/09/07 23:18:08,2,201,10/23/07 23:18:08,10/21/07 23:18:08,NULL,NULL,NULL,NULL
14,2,10/23/07 23:18:08,2,201,11/06/07 23:18:08,11/04/07 23:18:08,NULL,NULL,NULL,NULL
14,2,11/06/07 23:18:08,2,201,11/20/07 23:18:08,11/18/07 23:18:08,NULL,NULL,NULL,NULL
14,2,11/20/07 23:18:08,2,201,12/04/07 23:18:08,12/02/07 23:18:08,NULL,NULL,NULL,NULL
14,2,12/04/07 23:18:08,2,201,12/18/07 23:18:08,12/16/07 23:18:08,NULL,NULL,NULL,NULL
14,2,12/18/07 23:18:08,2,201,1/01/08 23:18:08,12/30/07 23:18:08,NULL,NULL,NULL,NULL
14,7,12/23/06 23:18:08,2,703,1/06/07 23:18:08,12/25/06 23:18:08,NULL,NULL,NULL,NULL
14,7,1/06/07 23:18:08,2,703,1/20/07 23:18:08,1/08/07 23:18:08,NULL,NULL,NULL,NULL
14,7,1/20/07 23:18:08,2,703,2/03/07 23:18:08,1/22/07 23:18:08,NULL,NULL,NULL,NULL
14,7,2/03/07 23:18:08,2,703,2/17/07 23:18:08,2/05/07 23:18:08,NULL,NULL,NULL,NULL
14,7,2/17/07 23:18:08,2,703,3/03/07 23:18:08,2/19/07 23:18:08,NULL,NULL,NULL,NULL
14,7,3/03/07 23:18:08,2,703,3/17/07 23:18:08,3/05/07 23:18:08,NULL,NULL,NULL,NULL
14,7,3/17/07 23:18:08,2,703,3/31/07 23:18:08,3/19/07 23:18:08,NULL,NULL,NULL,NULL
14,7,3/31/07 23:18:08,2,703,4/14/07 23:18:08,4/02/07 23:18:08,NULL,NULL,NULL,NULL
14,7,4/14/07 23:18:08,2,703,4/28/07 23:18:08,4/16/07 23:18:08,NULL,NULL,NULL,NULL
14,7,4/28/07 23:18:08,2,703,5/12/07 23:18:08,4/30/07 23:18:08,NULL,NULL,NULL,NULL
14,7,5/12/07 23:18:08,2,703,5/26/07 23:18:08,5/14/07 23:18:08,NULL,NULL,NULL,NULL
14,7,5/26/07 23:18:08,2,703,6/09/07 23:18:08,5/28/07 23:18:08,NULL,NULL,NULL,NULL
14,7,6/09/07 23:18:08,2,703,6/23/07 23:18:08,6/11/07 23:18:08,NULL,NULL,NULL,NULL
14,7,6/23/07 23:18:08,2,703,7/07/07 23:18:08,6/25/07 23:18:08,NULL,NULL,NULL,NULL
14,7,7/07/07 23:18:08,2,703,7/21/07 23:18:08,7/09/07 23:18:08,NULL,NULL,NULL,NULL
14,7,7/21/07 23:18:08,2,703,8/04/07 23:18:08,7/23/07 23:18:08,NULL,NULL,NULL,NULL
14,7,8/04/07 23:18:08,2,703,8/18/07 23:18:08,8/06/07 23:18:08,NULL,NULL,NULL,NULL
14,7,8/18/07 23:18:08,2,703,9/01/07 23:18:08,8/20/07 23:18:08,NULL,NULL,NULL,NULL
14,7,9/01/07 23:18:08,2,703,9/15/07 23:18:08,9/03/07 23:18:08,NULL,NULL,NULL,NULL
14,7,9/15/07 23:18:08,2,703,9/29/07 23:18:08,9/17/07 23:18:08,NULL,NULL,NULL,NULL
14,7,9/29/07 23:18:08,2,703,10/13/07 23:18:08,10/01/07 23:18:08,NULL,NULL,NULL,NULL
14,7,10/13/07 23:18:08,2,703,10/27/07 23:18:08,10/15/07 23:18:08,NULL,NULL,NULL,NULL
14,7,10/27/07 23:18:08,2,703,11/10/07 23:18:08,10/29/07 23:18:08,NULL,NULL,NULL,NULL
14,7,11/10/07 23:18:08,2,703,11/24/07 23:18:08,11/12/07 23:18:08,NULL,NULL,NULL,NULL
14,7,11/24/07 23:18:08,2,703,12/08/07 23:18:08,11/26/07 23:18:08,NULL,NULL,NULL,NULL
14,7,12/08/07 23:18:08,2,703,12/22/07 23:18:08,12/10/07 23:18:08,NULL,NULL,NULL,NULL
15,1,1/05/07 23:18:08,2,109,1/19/07 23:18:08,1/20/07 23:18:08,NULL,NULL,NULL,NULL
15,1,1/19/07 23:18:08,2,109,2/02/07 23:18:08,2/03/07 23:18:08,NULL,NULL,NULL,NULL
15,1,2/02/07 23:18:08,2,109,2/16/07 23:18:08,2/17/07 23:18:08,NULL,NULL,NULL,NULL
15,1,2/16/07 23:18:08,2,109,3/02/07 23:18:08,3/03/07 23:18:08,NULL,NULL,NULL,NULL
15,1,3/02/07 23:18:08,2,109,3/16/07 23:18:08,3/17/07 23:18:08,NULL,NULL,NULL,NULL
15,1,3/16/07 23:18:08,2,109,3/30/07 23:18:08,3/31/07 23:18:08,NULL,NULL,NULL,NULL
15,1,3/30/07 23:18:08,2,109,4/13/07 23:18:08,4/14/07 23:18:08,NULL,NULL,NULL,NULL
15,1,4/13/07 23:18:08,2,109,4/27/07 23:18:08,4/28/07 23:18:08,NULL,NULL,NULL,NULL
15,1,4/27/07 23:18:08,2,109,5/11/07 23:18:08,5/12/07 23:18:08,NULL,NULL,NULL,NULL
15,1,5/11/07 23:18:08,2,109,5/25/07 23:18:08,5/26/07 23:18:08,NULL,NULL,NULL,NULL
15,1,5/25/07 23:18:08,2,109,6/08/07 23:18:08,6/09/07 23:18:08,NULL,NULL,NULL,NULL
15,1,6/08/07 23:18:08,2,109,6/22/07 23:18:08,6/23/07 23:18:08,NULL,NULL,NULL,NULL
15,1,6/22/07 23:18:08,2,109,7/06/07 23:18:08,7/07/07 23:18:08,NULL,NULL,NULL,NULL
15,1,7/06/07 23:18:08,2,109,7/20/07 23:18:08,7/21/07 23:18:08,NULL,NULL,NULL,NULL
15,1,7/20/07 23:18:08,2,109,8/03/07 23:18:08,8/04/07 23:18:08,NULL,NULL,NULL,NULL
15,1,8/03/07 23:18:08,2,109,8/17/07 23:18:08,8/18/07 23:18:08,NULL,NULL,NULL,NULL
15,1,8/17/07 23:18:08,2,109,8/31/07 23:18:08,9/01/07 23:18:08,NULL,NULL,NULL,NULL
15,1,8/31/07 23:18:08,2,109,9/14/07 23:18:08,9/15/07 23:18:08,NULL,NULL,NULL,NULL
15,1,9/14/07 23:18:08,2,109,9/28/07 23:18:08,9/29/07 23:18:08,NULL,NULL,NULL,NULL
15,1,9/28/07 23:18:08,2,109,10/12/07 23:18:08,10/13/07 23:18:08,NULL,NULL,NULL,NULL
15,1,10/12/07 23:18:08,2,109,10/26/07 23:18:08,10/27/07 23:18:08,NULL,NULL,NULL,NULL
15,1,10/26/07 23:18:08,2,109,11/09/07 23:18:08,11/10/07 23:18:08,NULL,NULL,NULL,NULL
15,1,11/09/07 23:18:08,2,109,11/23/07 23:18:08,11/24/07 23:18:08,NULL,NULL,NULL,NULL
15,1,11/23/07 23:18:08,2,109,12/07/07 23:18:08,12/08/07 23:18:08,NULL,NULL,NULL,NULL
15,1,12/07/07 23:18:08,2,109,12/21/07 23:18:08,12/22/07 23:18:08,NULL,NULL,NULL,NULL
15,1,12/21/07 23:18:08,2,109,1/04/08 23:18:08,1/05/08 23:18:08,NULL,NULL,NULL,NULL
15,6,12/31/06 23:18:08,2,645,1/14/07 23:18:08,1/10/07 23:18:08,NULL,NULL,NULL,NULL
15,6,1/14/07 23:18:08,2,645,1/28/07 23:18:08,1/24/07 23:18:08,NULL,NULL,NULL,NULL
15,6,1/28/07 23:18:08,2,645,2/11/07 23:18:08,2/07/07 23:18:08,NULL,NULL,NULL,NULL
15,6,2/11/07 23:18:08,2,645,2/25/07 23:18:08,2/21/07 23:18:08,NULL,NULL,NULL,NULL
15,6,2/25/07 23:18:08,2,645,3/11/07 23:18:08,3/07/07 23:18:08,NULL,NULL,NULL,NULL
15,6,3/11/07 23:18:08,2,645,3/25/07 23:18:08,3/21/07 23:18:08,NULL,NULL,NULL,NULL
15,6,3/25/07 23:18:08,2,645,4/08/07 23:18:08,4/04/07 23:18:08,NULL,NULL,NULL,NULL
15,6,4/08/07 23:18:08,2,645,4/22/07 23:18:08,4/18/07 23:18:08,NULL,NULL,NULL,NULL
15,6,4/22/07 23:18:08,2,645,5/06/07 23:18:08,5/02/07 23:18:08,NULL,NULL,NULL,NULL
15,6,5/06/07 23:18:08,2,645,5/20/07 23:18:08,5/16/07 23:18:08,NULL,NULL,NULL,NULL
15,6,5/20/07 23:18:08,2,645,6/03/07 23:18:08,5/30/07 23:18:08,NULL,NULL,NULL,NULL
15,6,6/03/07 23:18:08,2,645,6/17/07 23:18:08,6/13/07 23:18:08,NULL,NULL,NULL,NULL
15,6,6/17/07 23:18:08,2,645,7/01/07 23:18:08,6/27/07 23:18:08,NULL,NULL,NULL,NULL
15,6,7/01/07 23:18:08,2,645,7/15/07 23:18:08,7/11/07 23:18:08,NULL,NULL,NULL,NULL
15,6,7/15/07 23:18:08,2,645,7/29/07 23:18:08,7/25/07 23:18:08,NULL,NULL,NULL,NULL
15,6,7/29/07 23:18:08,2,645,8/12/07 23:18:08,8/08/07 23:18:08,NULL,NULL,NULL,NULL
15,6,8/12/07 23:18:08,2,645,8/26/07 23:18:08,8/22/07 23:18:08,NULL,NULL,NULL,NULL
15,6,8/26/07 23:18:08,2,645,9/09/07 23:18:08,9/05/07 23:18:08,NULL,NULL,NULL,NULL
15,6,9/09/07 23:18:08,2,645,9/23/07 23:18:08,9/19/07 23:18:08,NULL,NULL,NULL,NULL
15,6,9/23/07 23:18:08,2,645,10/07/07 23:18:08,10/03/07 23:18:08,NULL,NULL,NULL,NULL
15,6,10/07/07 23:18:08,2,645,10/21/07 23:18:08,10/17/07 23:18:08,NULL,NULL,NULL,NULL
15,6,10/21/07 23:18:08,2,645,11/04/07 23:18:08,10/31/07 23:18:08,NULL,NULL,NULL,NULL
15,6,11/04/07 23:18:08,2,645,11/18/07 23:18:08,11/14/07 23:18:08,NULL,NULL,NULL,NULL
15,6,11/18/07 23:18:08,2,645,12/02/07 23:18:08,11/28/07 23:18:08,NULL,NULL,NULL,NULL
15,6,12/02/07 23:18:08,2,645,12/16/07 23:18:08,12/12/07 23:18:08,NULL,NULL,NULL,NULL
15,6,12/16/07 23:18:08,2,645,12/30/07 23:18:08,12/26/07 23:18:08,NULL,NULL,NULL,NULL
16,5,12/21/06 23:18:08,2,574,1/04/07 23:18:08,12/21/06 23:18:08,NULL,NULL,NULL,NULL
16,5,1/04/07 23:18:08,2,574,1/18/07 23:18:08,1/04/07 23:18:08,NULL,NULL,NULL,NULL
16,5,1/18/07 23:18:08,2,574,2/01/07 23:18:08,1/18/07 23:18:08,NULL,NULL,NULL,NULL
16,5,2/01/07 23:18:08,2,574,2/15/07 23:18:08,2/01/07 23:18:08,NULL,NULL,NULL,NULL
16,5,2/15/07 23:18:08,2,574,3/01/07 23:18:08,2/15/07 23:18:08,NULL,NULL,NULL,NULL
16,5,3/01/07 23:18:08,2,574,3/15/07 23:18:08,3/01/07 23:18:08,NULL,NULL,NULL,NULL
16,5,3/15/07 23:18:08,2,574,3/29/07 23:18:08,3/15/07 23:18:08,NULL,NULL,NULL,NULL
16,5,3/29/07 23:18:08,2,574,4/12/07 23:18:08,3/29/07 23:18:08,NULL,NULL,NULL,NULL
16,5,4/12/07 23:18:08,2,574,4/26/07 23:18:08,4/12/07 23:18:08,NULL,NULL,NULL,NULL
16,5,4/26/07 23:18:08,2,574,5/10/07 23:18:08,4/26/07 23:18:08,NULL,NULL,NULL,NULL
16,5,5/10/07 23:18:08,2,574,5/24/07 23:18:08,5/10/07 23:18:08,NULL,NULL,NULL,NULL
16,5,5/24/07 23:18:08,2,574,6/07/07 23:18:08,5/24/07 23:18:08,NULL,NULL,NULL,NULL
16,5,6/07/07 23:18:08,2,574,6/21/07 23:18:08,6/07/07 23:18:08,NULL,NULL,NULL,NULL
16,5,6/21/07 23:18:08,2,574,7/05/07 23:18:08,6/21/07 23:18:08,NULL,NULL,NULL,NULL
16,5,7/05/07 23:18:08,2,574,7/19/07 23:18:08,7/05/07 23:18:08,NULL,NULL,NULL,NULL
16,5,7/19/07 23:18:08,2,574,8/02/07 23:18:08,7/19/07 23:18:08,NULL,NULL,NULL,NULL
16,5,8/02/07 23:18:08,2,574,8/16/07 23:18:08,8/02/07 23:18:08,NULL,NULL,NULL,NULL
16,5,8/16/07 23:18:08,2,574,8/30/07 23:18:08,8/16/07 23:18:08,NULL,NULL,NULL,NULL
16,5,8/30/07 23:18:08,2,574,9/13/07 23:18:08,8/30/07 23:18:08,NULL,NULL,NULL,NULL
16,5,9/13/07 23:18:08,2,574,9/27/07 23:18:08,9/13/07 23:18:08,NULL,NULL,NULL,NULL
16,5,9/27/07 23:18:08,2,574,10/11/07 23:18:08,9/27/07 23:18:08,NULL,NULL,NULL,NULL
16,5,10/11/07 23:18:08,2,574,10/25/07 23:18:08,10/11/07 23:18:08,NULL,NULL,NULL,NULL
16,5,10/25/07 23:18:08,2,574,11/08/07 23:18:08,10/25/07 23:18:08,NULL,NULL,NULL,NULL
16,5,11/08/07 23:18:08,2,574,11/22/07 23:18:08,11/08/07 23:18:08,NULL,NULL,NULL,NULL
16,5,11/22/07 23:18:08,2,574,12/06/07 23:18:08,11/22/07 23:18:08,NULL,NULL,NULL,NULL
16,5,12/06/07 23:18:08,2,574,12/20/07 23:18:08,12/06/07 23:18:08,NULL,NULL,NULL,NULL
16,10,12/21/06 23:18:08,2,1148,1/04/07 23:18:08,12/21/06 23:18:08,NULL,NULL,NULL,NULL
16,10,1/04/07 23:18:08,2,1148,1/18/07 23:18:08,1/04/07 23:18:08,NULL,NULL,NULL,NULL
16,10,1/18/07 23:18:08,2,1148,2/01/07 23:18:08,1/18/07 23:18:08,NULL,NULL,NULL,NULL
16,10,2/01/07 23:18:08,2,1148,2/15/07 23:18:08,2/01/07 23:18:08,NULL,NULL,NULL,NULL
16,10,2/15/07 23:18:08,2,1148,3/01/07 23:18:08,2/15/07 23:18:08,NULL,NULL,NULL,NULL
16,10,3/01/07 23:18:08,2,1148,3/15/07 23:18:08,3/01/07 23:18:08,NULL,NULL,NULL,NULL
16,10,3/15/07 23:18:08,2,1148,3/29/07 23:18:08,3/15/07 23:18:08,NULL,NULL,NULL,NULL
16,10,3/29/07 23:18:08,2,1148,4/12/07 23:18:08,3/29/07 23:18:08,NULL,NULL,NULL,NULL
16,10,4/12/07 23:18:08,2,1148,4/26/07 23:18:08,4/12/07 23:18:08,NULL,NULL,NULL,NULL
16,10,4/26/07 23:18:08,2,1148,5/10/07 23:18:08,4/26/07 23:18:08,NULL,NULL,NULL,NULL
16,10,5/10/07 23:18:08,2,1148,5/24/07 23:18:08,5/10/07 23:18:08,NULL,NULL,NULL,NULL
16,10,5/24/07 23:18:08,2,1148,6/07/07 23:18:08,5/24/07 23:18:08,NULL,NULL,NULL,NULL
16,10,6/07/07 23:18:08,2,1148,6/21/07 23:18:08,6/07/07 23:18:08,NULL,NULL,NULL,NULL
16,10,6/21/07 23:18:08,2,1148,7/05/07 23:18:08,6/21/07 23:18:08,NULL,NULL,NULL,NULL
16,10,7/05/07 23:18:08,2,1148,7/19/07 23:18:08,7/05/07 23:18:08,NULL,NULL,NULL,NULL
16,10,7/19/07 23:18:08,2,1148,8/02/07 23:18:08,7/19/07 23:18:08,NULL,NULL,NULL,NULL
16,10,8/02/07 23:18:08,2,1148,8/16/07 23:18:08,8/02/07 23:18:08,NULL,NULL,NULL,NULL
16,10,8/16/07 23:18:08,2,1148,8/30/07 23:18:08,8/16/07 23:18:08,NULL,NULL,NULL,NULL
16,10,8/30/07 23:18:08,2,1148,9/13/07 23:18:08,8/30/07 23:18:08,NULL,NULL,NULL,NULL
16,10,9/13/07 23:18:08,2,1148,9/27/07 23:18:08,9/13/07 23:18:08,NULL,NULL,NULL,NULL
16,10,9/27/07 23:18:08,2,1148,10/11/07 23:18:08,9/27/07 23:18:08,NULL,NULL,NULL,NULL
16,10,10/11/07 23:18:08,2,1148,10/25/07 23:18:08,10/11/07 23:18:08,NULL,NULL,NULL,NULL
16,10,10/25/07 23:18:08,2,1148,11/08/07 23:18:08,10/25/07 23:18:08,NULL,NULL,NULL,NULL
16,10,11/08/07 23:18:08,2,1148,11/22/07 23:18:08,11/08/07 23:18:08,NULL,NULL,NULL,NULL
16,10,11/22/07 23:18:08,2,1148,12/06/07 23:18:08,11/22/07 23:18:08,NULL,NULL,NULL,NULL
16,10,12/06/07 23:18:08,2,1148,12/20/07 23:18:08,12/06/07 23:18:08,NULL,NULL,NULL,NULL
17,4,12/25/06 23:18:08,2,488,1/08/07 23:18:08,12/29/06 23:18:08,NULL,NULL,NULL,NULL
17,4,1/08/07 23:18:08,2,488,1/22/07 23:18:08,1/12/07 23:18:08,NULL,NULL,NULL,NULL
17,4,1/22/07 23:18:08,2,488,2/05/07 23:18:08,1/26/07 23:18:08,NULL,NULL,NULL,NULL
17,4,2/05/07 23:18:08,2,488,2/19/07 23:18:08,2/09/07 23:18:08,NULL,NULL,NULL,NULL
17,4,2/19/07 23:18:08,2,488,3/05/07 23:18:08,2/23/07 23:18:08,NULL,NULL,NULL,NULL
17,4,3/05/07 23:18:08,2,488,3/19/07 23:18:08,3/09/07 23:18:08,NULL,NULL,NULL,NULL
17,4,3/19/07 23:18:08,2,488,4/02/07 23:18:08,3/23/07 23:18:08,NULL,NULL,NULL,NULL
17,4,4/02/07 23:18:08,2,488,4/16/07 23:18:08,4/06/07 23:18:08,NULL,NULL,NULL,NULL
17,4,4/16/07 23:18:08,2,488,4/30/07 23:18:08,4/20/07 23:18:08,NULL,NULL,NULL,NULL
17,4,4/30/07 23:18:08,2,488,5/14/07 23:18:08,5/04/07 23:18:08,NULL,NULL,NULL,NULL
17,4,5/14/07 23:18:08,2,488,5/28/07 23:18:08,5/18/07 23:18:08,NULL,NULL,NULL,NULL
17,4,5/28/07 23:18:08,2,488,6/11/07 23:18:08,6/01/07 23:18:08,NULL,NULL,NULL,NULL
17,4,6/11/07 23:18:08,2,488,6/25/07 23:18:08,6/15/07 23:18:08,NULL,NULL,NULL,NULL
17,4,6/25/07 23:18:08,2,488,7/09/07 23:18:08,6/29/07 23:18:08,NULL,NULL,NULL,NULL
17,4,7/09/07 23:18:08,2,488,7/23/07 23:18:08,7/13/07 23:18:08,NULL,NULL,NULL,NULL
17,4,7/23/07 23:18:08,2,488,8/06/07 23:18:08,7/27/07 23:18:08,NULL,NULL,NULL,NULL
17,4,8/06/07 23:18:08,2,488,8/20/07 23:18:08,8/10/07 23:18:08,NULL,NULL,NULL,NULL
17,4,8/20/07 23:18:08,2,488,9/03/07 23:18:08,8/24/07 23:18:08,NULL,NULL,NULL,NULL
17,4,9/03/07 23:18:08,2,488,9/17/07 23:18:08,9/07/07 23:18:08,NULL,NULL,NULL,NULL
17,4,9/17/07 23:18:08,2,488,10/01/07 23:18:08,9/21/07 23:18:08,NULL,NULL,NULL,NULL
17,4,10/01/07 23:18:08,2,488,10/15/07 23:18:08,10/05/07 23:18:08,NULL,NULL,NULL,NULL
17,4,10/15/07 23:18:08,2,488,10/29/07 23:18:08,10/19/07 23:18:08,NULL,NULL,NULL,NULL
17,4,10/29/07 23:18:08,2,488,11/12/07 23:18:08,11/02/07 23:18:08,NULL,NULL,NULL,NULL
17,4,11/12/07 23:18:08,2,488,11/26/07 23:18:08,11/16/07 23:18:08,NULL,NULL,NULL,NULL
17,4,11/26/07 23:18:08,2,488,12/10/07 23:18:08,11/30/07 23:18:08,NULL,NULL,NULL,NULL
17,4,12/10/07 23:18:08,2,488,12/24/07 23:18:08,12/14/07 23:18:08,NULL,NULL,NULL,NULL
17,9,12/30/06 23:18:08,2,1098,1/13/07 23:18:08,1/08/07 23:18:08,NULL,NULL,NULL,NULL
17,9,1/13/07 23:18:08,2,1098,1/27/07 23:18:08,1/22/07 23:18:08,NULL,NULL,NULL,NULL
17,9,1/27/07 23:18:08,2,1098,2/10/07 23:18:08,2/05/07 23:18:08,NULL,NULL,NULL,NULL
17,9,2/10/07 23:18:08,2,1098,2/24/07 23:18:08,2/19/07 23:18:08,NULL,NULL,NULL,NULL
17,9,2/24/07 23:18:08,2,1098,3/10/07 23:18:08,3/05/07 23:18:08,NULL,NULL,NULL,NULL
17,9,3/10/07 23:18:08,2,1098,3/24/07 23:18:08,3/19/07 23:18:08,NULL,NULL,NULL,NULL
17,9,3/24/07 23:18:08,2,1098,4/07/07 23:18:08,4/02/07 23:18:08,NULL,NULL,NULL,NULL
17,9,4/07/07 23:18:08,2,1098,4/21/07 23:18:08,4/16/07 23:18:08,NULL,NULL,NULL,NULL
17,9,4/21/07 23:18:08,2,1098,5/05/07 23:18:08,4/30/07 23:18:08,NULL,NULL,NULL,NULL
17,9,5/05/07 23:18:08,2,1098,5/19/07 23:18:08,5/14/07 23:18:08,NULL,NULL,NULL,NULL
17,9,5/19/07 23:18:08,2,1098,6/02/07 23:18:08,5/28/07 23:18:08,NULL,NULL,NULL,NULL
17,9,6/02/07 23:18:08,2,1098,6/16/07 23:18:08,6/11/07 23:18:08,NULL,NULL,NULL,NULL
17,9,6/16/07 23:18:08,2,1098,6/30/07 23:18:08,6/25/07 23:18:08,NULL,NULL,NULL,NULL
17,9,6/30/07 23:18:08,2,1098,7/14/07 23:18:08,7/09/07 23:18:08,NULL,NULL,NULL,NULL
17,9,7/14/07 23:18:08,2,1098,7/28/07 23:18:08,7/23/07 23:18:08,NULL,NULL,NULL,NULL
17,9,7/28/07 23:18:08,2,1098,8/11/07 23:18:08,8/06/07 23:18:08,NULL,NULL,NULL,NULL
17,9,8/11/07 23:18:08,2,1098,8/25/07 23:18:08,8/20/07 23:18:08,NULL,NULL,NULL,NULL
17,9,8/25/07 23:18:08,2,1098,9/08/07 23:18:08,9/03/07 23:18:08,NULL,NULL,NULL,NULL
17,9,9/08/07 23:18:08,2,1098,9/22/07 23:18:08,9/17/07 23:18:08,NULL,NULL,NULL,NULL
17,9,9/22/07 23:18:08,2,1098,10/06/07 23:18:08,10/01/07 23:18:08,NULL,NULL,NULL,NULL
17,9,10/06/07 23:18:08,2,1098,10/20/07 23:18:08,10/15/07 23:18:08,NULL,NULL,NULL,NULL
17,9,10/20/07 23:18:08,2,1098,11/03/07 23:18:08,10/29/07 23:18:08,NULL,NULL,NULL,NULL
17,9,11/03/07 23:18:08,2,1098,11/17/07 23:18:08,11/12/07 23:18:08,NULL,NULL,NULL,NULL
17,9,11/17/07 23:18:08,2,1098,12/01/07 23:18:08,11/26/07 23:18:08,NULL,NULL,NULL,NULL
17,9,12/01/07 23:18:08,2,1098,12/15/07 23:18:08,12/10/07 23:18:08,NULL,NULL,NULL,NULL
17,9,12/15/07 23:18:08,2,1098,12/29/07 23:18:08,12/24/07 23:18:08,NULL,NULL,NULL,NULL
18,3,12/27/06 23:18:08,2,387,1/10/07 23:18:08,1/02/07 23:18:08,NULL,NULL,NULL,NULL
18,3,1/10/07 23:18:08,2,387,1/24/07 23:18:08,1/16/07 23:18:08,NULL,NULL,NULL,NULL
18,3,1/24/07 23:18:08,2,387,2/07/07 23:18:08,1/30/07 23:18:08,NULL,NULL,NULL,NULL
18,3,2/07/07 23:18:08,2,387,2/21/07 23:18:08,2/13/07 23:18:08,NULL,NULL,NULL,NULL
18,3,2/21/07 23:18:08,2,387,3/07/07 23:18:08,2/27/07 23:18:08,NULL,NULL,NULL,NULL
18,3,3/07/07 23:18:08,2,387,3/21/07 23:18:08,3/13/07 23:18:08,NULL,NULL,NULL,NULL
18,3,3/21/07 23:18:08,2,387,4/04/07 23:18:08,3/27/07 23:18:08,NULL,NULL,NULL,NULL
18,3,4/04/07 23:18:08,2,387,4/18/07 23:18:08,4/10/07 23:18:08,NULL,NULL,NULL,NULL
18,3,4/18/07 23:18:08,2,387,5/02/07 23:18:08,4/24/07 23:18:08,NULL,NULL,NULL,NULL
18,3,5/02/07 23:18:08,2,387,5/16/07 23:18:08,5/08/07 23:18:08,NULL,NULL,NULL,NULL
18,3,5/16/07 23:18:08,2,387,5/30/07 23:18:08,5/22/07 23:18:08,NULL,NULL,NULL,NULL
18,3,5/30/07 23:18:08,2,387,6/13/07 23:18:08,6/05/07 23:18:08,NULL,NULL,NULL,NULL
18,3,6/13/07 23:18:08,2,387,6/27/07 23:18:08,6/19/07 23:18:08,NULL,NULL,NULL,NULL
18,3,6/27/07 23:18:08,2,387,7/11/07 23:18:08,7/03/07 23:18:08,NULL,NULL,NULL,NULL
18,3,7/11/07 23:18:08,2,387,7/25/07 23:18:08,7/17/07 23:18:08,NULL,NULL,NULL,NULL
18,3,7/25/07 23:18:08,2,387,8/08/07 23:18:08,7/31/07 23:18:08,NULL,NULL,NULL,NULL
18,3,8/08/07 23:18:08,2,387,8/22/07 23:18:08,8/14/07 23:18:08,NULL,NULL,NULL,NULL
18,3,8/22/07 23:18:08,2,387,9/05/07 23:18:08,8/28/07 23:18:08,NULL,NULL,NULL,NULL
18,3,9/05/07 23:18:08,2,387,9/19/07 23:18:08,9/11/07 23:18:08,NULL,NULL,NULL,NULL
18,3,9/19/07 23:18:08,2,387,10/03/07 23:18:08,9/25/07 23:18:08,NULL,NULL,NULL,NULL
18,3,10/03/07 23:18:08,2,387,10/17/07 23:18:08,10/09/07 23:18:08,NULL,NULL,NULL,NULL
18,3,10/17/07 23:18:08,2,387,10/31/07 23:18:08,10/23/07 23:18:08,NULL,NULL,NULL,NULL
18,3,10/31/07 23:18:08,2,387,11/14/07 23:18:08,11/06/07 23:18:08,NULL,NULL,NULL,NULL
18,3,11/14/07 23:18:08,2,387,11/28/07 23:18:08,11/20/07 23:18:08,NULL,NULL,NULL,NULL
18,3,11/28/07 23:18:08,2,387,12/12/07 23:18:08,12/04/07 23:18:08,NULL,NULL,NULL,NULL
18,3,12/12/07 23:18:08,2,387,12/26/07 23:18:08,12/18/07 23:18:08,NULL,NULL,NULL,NULL
18,8,12/21/06 23:18:08,2,1033,1/04/07 23:18:08,12/21/06 23:18:08,NULL,NULL,NULL,NULL
18,8,1/04/07 23:18:08,2,1033,1/18/07 23:18:08,1/04/07 23:18:08,NULL,NULL,NULL,NULL
18,8,1/18/07 23:18:08,2,1033,2/01/07 23:18:08,1/18/07 23:18:08,NULL,NULL,NULL,NULL
18,8,2/01/07 23:18:08,2,1033,2/15/07 23:18:08,2/01/07 23:18:08,NULL,NULL,NULL,NULL
18,8,2/15/07 23:18:08,2,1033,3/01/07 23:18:08,2/15/07 23:18:08,NULL,NULL,NULL,NULL
18,8,3/01/07 23:18:08,2,1033,3/15/07 23:18:08,3/01/07 23:18:08,NULL,NULL,NULL,NULL
18,8,3/15/07 23:18:08,2,1033,3/29/07 23:18:08,3/15/07 23:18:08,NULL,NULL,NULL,NULL
18,8,3/29/07 23:18:08,2,1033,4/12/07 23:18:08,3/29/07 23:18:08,NULL,NULL,NULL,NULL
18,8,4/12/07 23:18:08,2,1033,4/26/07 23:18:08,4/12/07 23:18:08,NULL,NULL,NULL,NULL
18,8,4/26/07 23:18:08,2,1033,5/10/07 23:18:08,4/26/07 23:18:08,NULL,NULL,NULL,NULL
18,8,5/10/07 23:18:08,2,1033,5/24/07 23:18:08,5/10/07 23:18:08,NULL,NULL,NULL,NULL
18,8,5/24/07 23:18:08,2,1033,6/07/07 23:18:08,5/24/07 23:18:08,NULL,NULL,NULL,NULL
18,8,6/07/07 23:18:08,2,1033,6/21/07 23:18:08,6/07/07 23:18:08,NULL,NULL,NULL,NULL
18,8,6/21/07 23:18:08,2,1033,7/05/07 23:18:08,6/21/07 23:18:08,NULL,NULL,NULL,NULL
18,8,7/05/07 23:18:08,2,1033,7/19/07 23:18:08,7/05/07 23:18:08,NULL,NULL,NULL,NULL
18,8,7/19/07 23:18:08,2,1033,8/02/07 23:18:08,7/19/07 23:18:08,NULL,NULL,NULL,NULL
18,8,8/02/07 23:18:08,2,1033,8/16/07 23:18:08,8/02/07 23:18:08,NULL,NULL,NULL,NULL
18,8,8/16/07 23:18:08,2,1033,8/30/07 23:18:08,8/16/07 23:18:08,NULL,NULL,NULL,NULL
18,8,8/30/07 23:18:08,2,1033,9/13/07 23:18:08,8/30/07 23:18:08,NULL,NULL,NULL,NULL
18,8,9/13/07 23:18:08,2,1033,9/27/07 23:18:08,9/13/07 23:18:08,NULL,NULL,NULL,NULL
18,8,9/27/07 23:18:08,2,1033,10/11/07 23:18:08,9/27/07 23:18:08,NULL,NULL,NULL,NULL
18,8,10/11/07 23:18:08,2,1033,10/25/07 23:18:08,10/11/07 23:18:08,NULL,NULL,NULL,NULL
18,8,10/25/07 23:18:08,2,1033,11/08/07 23:18:08,10/25/07 23:18:08,NULL,NULL,NULL,NULL
18,8,11/08/07 23:18:08,2,1033,11/22/07 23:18:08,11/08/07 23:18:08,NULL,NULL,NULL,NULL
18,8,11/22/07 23:18:08,2,1033,12/06/07 23:18:08,11/22/07 23:18:08,NULL,NULL,NULL,NULL
18,8,12/06/07 23:18:08,2,1033,12/20/07 23:18:08,12/06/07 23:18:08,NULL,NULL,NULL,NULL
19,2,12/27/06 23:18:08,2,273,1/10/07 23:18:08,1/02/07 23:18:08,NULL,NULL,NULL,NULL
19,2,1/10/07 23:18:08,2,273,1/24/07 23:18:08,1/16/07 23:18:08,NULL,NULL,NULL,NULL
19,2,1/24/07 23:18:08,2,273,2/07/07 23:18:08,1/30/07 23:18:08,NULL,NULL,NULL,NULL
19,2,2/07/07 23:18:08,2,273,2/21/07 23:18:08,2/13/07 23:18:08,NULL,NULL,NULL,NULL
19,2,2/21/07 23:18:08,2,273,3/07/07 23:18:08,2/27/07 23:18:08,NULL,NULL,NULL,NULL
19,2,3/07/07 23:18:08,2,273,3/21/07 23:18:08,3/13/07 23:18:08,NULL,NULL,NULL,NULL
19,2,3/21/07 23:18:08,2,273,4/04/07 23:18:08,3/27/07 23:18:08,NULL,NULL,NULL,NULL
19,2,4/04/07 23:18:08,2,273,4/18/07 23:18:08,4/10/07 23:18:08,NULL,NULL,NULL,NULL
19,2,4/18/07 23:18:08,2,273,5/02/07 23:18:08,4/24/07 23:18:08,NULL,NULL,NULL,NULL
19,2,5/02/07 23:18:08,2,273,5/16/07 23:18:08,5/08/07 23:18:08,NULL,NULL,NULL,NULL
19,2,5/16/07 23:18:08,2,273,5/30/07 23:18:08,5/22/07 23:18:08,NULL,NULL,NULL,NULL
19,2,5/30/07 23:18:08,2,273,6/13/07 23:18:08,6/05/07 23:18:08,NULL,NULL,NULL,NULL
19,2,6/13/07 23:18:08,2,273,6/27/07 23:18:08,6/19/07 23:18:08,NULL,NULL,NULL,NULL
19,2,6/27/07 23:18:08,2,273,7/11/07 23:18:08,7/03/07 23:18:08,NULL,NULL,NULL,NULL
19,2,7/11/07 23:18:08,2,273,7/25/07 23:18:08,7/17/07 23:18:08,NULL,NULL,NULL,NULL
19,2,7/25/07 23:18:08,2,273,8/08/07 23:18:08,7/31/07 23:18:08,NULL,NULL,NULL,NULL
19,2,8/08/07 23:18:08,2,273,8/22/07 23:18:08,8/14/07 23:18:08,NULL,NULL,NULL,NULL
19,2,8/22/07 23:18:08,2,273,9/05/07 23:18:08,8/28/07 23:18:08,NULL,NULL,NULL,NULL
19,2,9/05/07 23:18:08,2,273,9/19/07 23:18:08,9/11/07 23:18:08,NULL,NULL,NULL,NULL
19,2,9/19/07 23:18:08,2,273,10/03/07 23:18:08,9/25/07 23:18:08,NULL,NULL,NULL,NULL
19,2,10/03/07 23:18:08,2,273,10/17/07 23:18:08,10/09/07 23:18:08,NULL,NULL,NULL,NULL
19,2,10/17/07 23:18:08,2,273,10/31/07 23:18:08,10/23/07 23:18:08,NULL,NULL,NULL,NULL
19,2,10/31/07 23:18:08,2,273,11/14/07 23:18:08,11/06/07 23:18:08,NULL,NULL,NULL,NULL
19,2,11/14/07 23:18:08,2,273,11/28/07 23:18:08,11/20/07 23:18:08,NULL,NULL,NULL,NULL
19,2,11/28/07 23:18:08,2,273,12/12/07 23:18:08,12/04/07 23:18:08,NULL,NULL,NULL,NULL
19,2,12/12/07 23:18:08,2,273,12/26/07 23:18:08,12/18/07 23:18:08,NULL,NULL,NULL,NULL
19,7,12/26/06 23:18:08,2,954,1/09/07 23:18:08,12/31/06 23:18:08,NULL,NULL,NULL,NULL
19,7,1/09/07 23:18:08,2,954,1/23/07 23:18:08,1/14/07 23:18:08,NULL,NULL,NULL,NULL
19,7,1/23/07 23:18:08,2,954,2/06/07 23:18:08,1/28/07 23:18:08,NULL,NULL,NULL,NULL
19,7,2/06/07 23:18:08,2,954,2/20/07 23:18:08,2/11/07 23:18:08,NULL,NULL,NULL,NULL
19,7,2/20/07 23:18:08,2,954,3/06/07 23:18:08,2/25/07 23:18:08,NULL,NULL,NULL,NULL
19,7,3/06/07 23:18:08,2,954,3/20/07 23:18:08,3/11/07 23:18:08,NULL,NULL,NULL,NULL
19,7,3/20/07 23:18:08,2,954,4/03/07 23:18:08,3/25/07 23:18:08,NULL,NULL,NULL,NULL
19,7,4/03/07 23:18:08,2,954,4/17/07 23:18:08,4/08/07 23:18:08,NULL,NULL,NULL,NULL
19,7,4/17/07 23:18:08,2,954,5/01/07 23:18:08,4/22/07 23:18:08,NULL,NULL,NULL,NULL
19,7,5/01/07 23:18:08,2,954,5/15/07 23:18:08,5/06/07 23:18:08,NULL,NULL,NULL,NULL
19,7,5/15/07 23:18:08,2,954,5/29/07 23:18:08,5/20/07 23:18:08,NULL,NULL,NULL,NULL
19,7,5/29/07 23:18:08,2,954,6/12/07 23:18:08,6/03/07 23:18:08,NULL,NULL,NULL,NULL
19,7,6/12/07 23:18:08,2,954,6/26/07 23:18:08,6/17/07 23:18:08,NULL,NULL,NULL,NULL
19,7,6/26/07 23:18:08,2,954,7/10/07 23:18:08,7/01/07 23:18:08,NULL,NULL,NULL,NULL
19,7,7/10/07 23:18:08,2,954,7/24/07 23:18:08,7/15/07 23:18:08,NULL,NULL,NULL,NULL
19,7,7/24/07 23:18:08,2,954,8/07/07 23:18:08,7/29/07 23:18:08,NULL,NULL,NULL,NULL
19,7,8/07/07 23:18:08,2,954,8/21/07 23:18:08,8/12/07 23:18:08,NULL,NULL,NULL,NULL
19,7,8/21/07 23:18:08,2,954,9/04/07 23:18:08,8/26/07 23:18:08,NULL,NULL,NULL,NULL
19,7,9/04/07 23:18:08,2,954,9/18/07 23:18:08,9/09/07 23:18:08,NULL,NULL,NULL,NULL
19,7,9/18/07 23:18:08,2,954,10/02/07 23:18:08,9/23/07 23:18:08,NULL,NULL,NULL,NULL
19,7,10/02/07 23:18:08,2,954,10/16/07 23:18:08,10/07/07 23:18:08,NULL,NULL,NULL,NULL
19,7,10/16/07 23:18:08,2,954,10/30/07 23:18:08,10/21/07 23:18:08,NULL,NULL,NULL,NULL
19,7,10/30/07 23:18:08,2,954,11/13/07 23:18:08,11/04/07 23:18:08,NULL,NULL,NULL,NULL
19,7,11/13/07 23:18:08,2,954,11/27/07 23:18:08,11/18/07 23:18:08,NULL,NULL,NULL,NULL
19,7,11/27/07 23:18:08,2,954,12/11/07 23:18:08,12/02/07 23:18:08,NULL,NULL,NULL,NULL
19,7,12/11/07 23:18:08,2,954,12/25/07 23:18:08,12/16/07 23:18:08,NULL,NULL,NULL,NULL
20,1,12/25/06 23:18:08,2,144,1/08/07 23:18:08,12/29/06 23:18:08,NULL,NULL,NULL,NULL
20,1,1/08/07 23:18:08,2,144,1/22/07 23:18:08,1/12/07 23:18:08,NULL,NULL,NULL,NULL
20,1,1/22/07 23:18:08,2,144,2/05/07 23:18:08,1/26/07 23:18:08,NULL,NULL,NULL,NULL
20,1,2/05/07 23:18:08,2,144,2/19/07 23:18:08,2/09/07 23:18:08,NULL,NULL,NULL,NULL
20,1,2/19/07 23:18:08,2,144,3/05/07 23:18:08,2/23/07 23:18:08,NULL,NULL,NULL,NULL
20,1,3/05/07 23:18:08,2,144,3/19/07 23:18:08,3/09/07 23:18:08,NULL,NULL,NULL,NULL
20,1,3/19/07 23:18:08,2,144,4/02/07 23:18:08,3/23/07 23:18:08,NULL,NULL,NULL,NULL
20,1,4/02/07 23:18:08,2,144,4/16/07 23:18:08,4/06/07 23:18:08,NULL,NULL,NULL,NULL
20,1,4/16/07 23:18:08,2,144,4/30/07 23:18:08,4/20/07 23:18:08,NULL,NULL,NULL,NULL
20,1,4/30/07 23:18:08,2,144,5/14/07 23:18:08,5/04/07 23:18:08,NULL,NULL,NULL,NULL
