1,1,1/05/08 23:18:08,NULL
288,1,1/05/08 23:18:08,NULL
575,1,1/05/08 23:18:08,NULL
862,1,1/05/08 23:18:08,NULL
246,18,1/05/08 23:18:08,NULL
533,18,1/05/08 23:18:08,NULL
820,18,1/05/08 23:18:08,NULL
43,35,1/05/08 23:18:08,NULL
330,35,1/05/08 23:18:08,NULL
617,35,1/05/08 23:18:08,NULL
904,35,1/05/08 23:18:08,NULL
1,52,1/05/08 23:18:08,NULL
288,52,1/05/08 23:18:08,NULL
575,52,1/05/08 23:18:08,NULL
862,52,1/05/08 23:18:08,NULL
246,69,1/05/08 23:18:08,NULL
533,69,1/05/08 23:18:08,NULL
820,69,1/05/08 23:18:08,NULL
43,86,1/05/08 23:18:08,NULL
330,86,1/05/08 23:18:08,NULL
617,86,1/05/08 23:18:08,NULL
904,86,1/05/08 23:18:08,NULL
1,103,1/05/08 23:18:08,NULL
288,103,1/05/08 23:18:08,NULL
575,103,1/05/08 23:18:08,NULL
862,103,1/05/08 23:18:08,NULL
246,120,1/05/08 23:18:08,NULL
533,120,1/05/08 23:18:08,NULL
820,120,1/05/08 23:18:08,NULL
43,137,1/05/08 23:18:08,NULL
330,137,1/05/08 23:18:08,NULL
617,137,1/05/08 23:18:08,NULL
904,137,1/05/08 23:18:08,NULL
1,154,1/05/08 23:18:08,NULL
288,154,1/05/08 23:18:08,NULL
575,154,1/05/08 23:18:08,NULL
862,154,1/05/08 23:18:08,NULL
246,171,1/05/08 23:18:08,NULL
533,171,1/05/08 23:18:08,NULL
820,171,1/05/08 23:18:08,NULL
43,188,1/05/08 23:18:08,NULL
330,188,1/05/08 23:18:08,NULL
617,188,1/05/08 23:18:08,NULL
904,188,1/05/08 23:18:08,NULL
1,205,1/05/08 23:18:08,NULL
288,205,1/05/08 23:18:08,NULL
575,205,1/05/08 23:18:08,NULL
862,205,1/05/08 23:18:08,NULL
246,222,1/05/08 23:18:08,NULL
533,222,1/05/08 23:18:08,NULL
820,222,1/05/08 23:18:08,NULL
43,239,1/05/08 23:18:08,NULL
330,239,1/05/08 23:18:08,NULL
617,239,1/05/08 23:18:08,NULL
904,239,1/05/08 23:18:08,NULL
1,256,1/05/08 23:18:08,NULL
288,256,1/05/08 23:18:08,NULL
575,256,1/05/08 23:18:08,NULL
862,256,1/05/08 23:18:08,NULL
246,273,1/05/08 23:18:08,NULL
533,273,1/05/08 23:18:08,NULL
820,273,1/05/08 23:18:08,NULL
43,290,1/05/08 23:18:08,NULL
330,290,1/05/08 23:18:08,NULL
617,290,1/05/08 23:18:08,NULL
904,290,1/05/08 23:18:08,NULL
1,307,1/05/08 23:18:08,NULL
288,307,1/05/08 23:18:08,NULL
575,307,1/05/08 23:18:08,NULL
862,307,1/05/08 23:18:08,NULL
246,324,1/05/08 23:18:08,NULL
533,324,1/05/08 23:18:08,NULL
820,324,1/05/08 23:18:08,NULL
43,341,1/05/08 23:18:08,NULL
330,341,1/05/08 23:18:08,NULL
617,341,1/05/08 23:18:08,NULL
904,341,1/05/08 23:18:08,NULL
1,358,1/05/08 23:18:08,NULL
288,358,1/05/08 23:18:08,NULL
575,358,1/05/08 23:18:08,NULL
862,358,1/05/08 23:18:08,NULL
246,375,1/05/08 23:18:08,NULL
533,375,1/05/08 23:18:08,NULL
820,375,1/05/08 23:18:08,NULL
43,392,1/05/08 23:18:08,NULL
330,392,1/05/08 23:18:08,NULL
617,392,1/05/08 23:18:08,NULL
904,392,1/05/08 23:18:08,NULL
1,409,1/05/08 23:18:08,NULL
288,409,1/05/08 23:18:08,NULL
575,409,1/05/08 23:18:08,NULL
862,409,1/05/08 23:18:08,NULL
246,426,1/05/08 23:18:08,NULL
533,426,1/05/08 23:18:08,NULL
820,426,1/05/08 23:18:08,NULL
43,443,1/05/08 23:18:08,NULL
330,443,1/05/08 23:18:08,NULL
617,443,1/05/08 23:18:08,NULL
904,443,1/05/08 23:18:08,NULL
1,460,1/05/08 23:18:08,NULL
288,460,1/05/08 23:18:08,NULL
575,460,1/05/08 23:18:08,NULL
862,460,1/05/08 23:18:08,NULL
246,477,1/05/08 23:18:08,NULL
533,477,1/05/08 23:18:08,NULL
820,477,1/05/08 23:18:08,NULL
43,494,1/05/08 23:18:08,NULL
330,494,1/05/08 23:18:08,NULL
617,494,1/05/08 23:18:08,NULL
904,494,1/05/08 23:18:08,NULL
1,511,1/05/08 23:18:08,NULL
288,511,1/05/08 23:18:08,NULL
575,511,1/05/08 23:18:08,NULL
862,511,1/05/08 23:18:08,NULL
246,528,1/05/08 23:18:08,NULL
533,528,1/05/08 23:18:08,NULL
820,528,1/05/08 23:18:08,NULL
43,545,1/05/08 23:18:08,NULL
330,545,1/05/08 23:18:08,NULL
617,545,1/05/08 23:18:08,NULL
904,545,1/05/08 23:18:08,NULL
1,562,1/05/08 23:18:08,NULL
288,562,1/05/08 23:18:08,NULL
575,562,1/05/08 23:18:08,NULL
862,562,1/05/08 23:18:08,NULL
246,579,1/05/08 23:18:08,NULL
533,579,1/05/08 23:18:08,NULL
820,579,1/05/08 23:18:08,NULL
43,596,1/05/08 23:18:08,NULL
330,596,1/05/08 23:18:08,NULL
617,596,1/05/08 23:18:08,NULL
904,596,1/05/08 23:18:08,NULL
1,613,1/05/08 23:18:08,NULL
288,613,1/05/08 23:18:08,NULL
575,613,1/05/08 23:18:08,NULL
862,613,1/05/08 23:18:08,NULL
246,630,1/05/08 23:18:08,NULL
533,630,1/05/08 23:18:08,NULL
820,630,1/05/08 23:18:08,NULL
43,647,1/05/08 23:18:08,NULL
330,647,1/05/08 23:18:08,NULL
617,647,1/05/08 23:18:08,NULL
904,647,1/05/08 23:18:08,NULL
1,664,1/05/08 23:18:08,NULL
288,664,1/05/08 23:18:08,NULL
575,664,1/05/08 23:18:08,NULL
862,664,1/05/08 23:18:08,NULL
246,681,1/05/08 23:18:08,NULL
533,681,1/05/08 23:18:08,NULL
820,681,1/05/08 23:18:08,NULL
43,698,1/05/08 23:18:08,NULL
330,698,1/05/08 23:18:08,NULL
617,698,1/05/08 23:18:08,NULL
904,698,1/05/08 23:18:08,NULL
1,715,1/05/08 23:18:08,NULL
288,715,1/05/08 23:18:08,NULL
575,715,1/05/08 23:18:08,NULL
862,715,1/05/08 23:18:08,NULL
246,732,1/05/08 23:18:08,NULL
533,732,1/05/08 23:18:08,NULL
820,732,1/05/08 23:18:08,NULL
43,749,1/05/08 23:18:08,NULL
330,749,1/05/08 23:18:08,NULL
617,749,1/05/08 23:18:08,NULL
904,749,1/05/08 23:18:08,NULL
1,766,1/05/08 23:18:08,NULL
288,766,1/05/08 23:18:08,NULL
575,766,1/05/08 23:18:08,NULL
862,766,1/05/08 23:18:08,NULL
246,783,1/05/08 23:18:08,NULL
533,783,1/05/08 23:18:08,NULL
820,783,1/05/08 23:18:08,NULL
43,800,1/05/08 23:18:08,NULL
330,800,1/05/08 23:18:08,NULL
617,800,1/05/08 23:18:08,NULL
904,800,1/05/08 23:18:08,NULL
1,817,1/05/08 23:18:08,NULL
288,817,1/05/08 23:18:08,NULL
575,817,1/05/08 23:18:08,NULL
862,817,1/05/08 23:18:08,NULL
246,834,1/05/08 23:18:08,NULL
533,834,1/05/08 23:18:08,NULL
820,834,1/05/08 23:18:08,NULL
43,851,1/05/08 23:18:08,NULL
330,851,1/05/08 23:18:08,NULL
617,851,1/05/08 23:18:08,NULL
904,851,1/05/08 23:18:08,NULL
1,868,1/05/08 23:18:08,NULL
288,868,1/05/08 23:18:08,NULL
575,868,1/05/08 23:18:08,NULL
862,868,1/05/08 23:18:08,NULL
246,885,1/05/08 23:18:08,NULL
533,885,1/05/08 23:18:08,NULL
820,885,1/05/08 23:18:08,NULL
43,902,1/05/08 23:18:08,NULL
330,902,1/05/08 23:18:08,NULL
617,902,1/05/08 23:18:08,NULL
904,902,1/05/08 23:18:08,NULL
1,919,1/05/08 23:18:08,NULL
288,919,1/05/08 23:18:08,NULL
575,919,1/05/08 23:18:08,NULL
862,919,1/05/08 23:18:08,NULL
246,936,1/05/08 23:18:08,NULL
533,936,1/05/08 23:18:08,NULL
820,936,1/05/08 23:18:08,NULL
43,953,1/05/08 23:18:08,NULL
330,953,1/05/08 23:18:08,NULL
617,953,1/05/08 23:18:08,NULL
904,953,1/05/08 23:18:08,NULL
1,970,1/05/08 23:18:08,NULL
288,970,1/05/08 23:18:08,NULL
575,970,1/05/08 23:18:08,NULL
862,970,1/05/08 23:18:08,NULL
246,987,1/05/08 23:18:08,NULL
533,987,1/05/08 23:18:08,NULL
820,987,1/05/08 23:18:08,NULL
43,1004,1/05/08 23:18:08,NULL
330,1004,1/05/08 23:18:08,NULL
617,1004,1/05/08 23:18:08,NULL
904,1004,1/05/08 23:18:08,NULL
1,1021,1/05/08 23:18:08,NULL
288,1021,1/05/08 23:18:08,NULL
575,1021,1/05/08 23:18:08,NULL
862,1021,1/05/08 23:18:08,NULL
246,1038,1/05/08 23:18:08,NULL
533,1038,1/05/08 23:18:08,NULL
820,1038,1/05/08 23:18:08,NULL
43,1055,1/05/08 23:18:08,NULL
330,1055,1/05/08 23:18:08,NULL
617,1055,1/05/08 23:18:08,NULL
904,1055,1/05/08 23:18:08,NULL
1,1072,1/05/08 23:18:08,NULL
288,1072,1/05/08 23:18:08,NULL
575,1072,1/05/08 23:18:08,NULL
862,1072,1/05/08 23:18:08,NULL
246,1089,1/05/08 23:18:08,NULL
533,1089,1/05/08 23:18:08,NULL
820,1089,1/05/08 23:18:08,NULL
43,1106,1/05/08 23:18:08,NULL
330,1106,1/05/08 23:18:08,NULL
617,1106,1/05/08 23:18:08,NULL
904,1106,1/05/08 23:18:08,NULL
1,1123,1/05/08 23:18:08,NULL
288,1123,1/05/08 23:18:08,NULL
575,1123,1/05/08 23:18:08,NULL
862,1123,1/05/08 23:18:08,NULL
246,1140,1/05/08 23:18:08,NULL
533,1140,1/05/08 23:18:08,NULL
820,1140,1/05/08 23:18:08,NULL
43,1157,1/05/08 23:18:08,NULL
330,1157,1/05/08 23:18:08,NULL
617,1157,1/05/08 23:18:08,NULL
904,1157,1/05/08 23:18:08,NULL
1,1174,1/05/08 23:18:08,NULL
288,1174,1/05/08 23:18:08,NULL
575,1174,1/05/08 23:18:08,NULL
862,1174,1/05/08 23:18:08,NULL
246,1191,1/05/08 23:18:08,NULL
533,1191,1/05/08 23:18:08,NULL
820,1191,1/05/08 23:18:08,NULL
43,1208,1/05/08 23:18:08,NULL
330,1208,1/05/08 23:18:08,NULL
617,1208,1/05/08 23:18:08,NULL
904,1208,1/05/08 23:18:08,NULL
1,1225,1/05/08 23:18:08,NULL
288,1225,1/05/08 23:18:08,NULL
575,1225,1/05/08 23:18:08,NULL
862,1225,1/05/08 23:18:08,NULL
246,1242,1/05/08 23:18:08,NULL
533,1242,1/05/08 23:18:08,NULL
820,1242,1/05/08 23:18:08,NULL
43,1259,1/05/08 23:18:08,NULL
330,1259,1/05/08 23:18:08,NULL
617,1259,1/05/08 23:18:08,NULL
904,1259,1/05/08 23:18:08,NULL
1,1276,1/05/08 23:18:08,NULL
288,1276,1/05/08 23:18:08,NULL
575,1276,1/05/08 23:18:08,NULL
862,1276,1/05/08 23:18:08,NULL
246,1293,1/05/08 23:18:08,NULL
533,1293,1/05/08 23:18:08,NULL
820,1293,1/05/08 23:18:08,NULL
43,1310,1/05/08 23:18:08,NULL
330,1310,1/05/08 23:18:08,NULL
617,1310,1/05/08 23:18:08,NULL
904,1310,1/05/08 23:18:08,NULL
1,1327,1/05/08 23:18:08,NULL
288,1327,1/05/08 23:18:08,NULL
575,1327,1/05/08 23:18:08,NULL
862,1327,1/05/08 23:18:08,NULL
246,1344,1/05/08 23:18:08,NULL
533,1344,1/05/08 23:18:08,NULL
820,1344,1/05/08 23:18:08,NULL
43,1361,1/05/08 23:18:08,NULL
330,1361,1/05/08 23:18:08,NULL
617,1361,1/05/08 23:18:08,NULL
904,1361,1/05/08 23:18:08,NULL
1,1378,1/05/08 23:18:08,NULL
288,1378,1/05/08 23:18:08,NULL
575,1378,1/05/08 23:18:08,NULL
862,1378,1/05/08 23:18:08,NULL
246,1395,1/05/08 23:18:08,NULL
533,1395,1/05/08 23:18:08,NULL
820,1395,1/05/08 23:18:08,NULL
43,1412,1/05/08 23:18:08,NULL
330,1412,1/05/08 23:18:08,NULL
617,1412,1/05/08 23:18:08,NULL
904,1412,1/05/08 23:18:08,NULL
1,1429,1/05/08 23:18:08,NULL
288,1429,1/05/08 23:18:08,NULL
575,1429,1/05/08 23:18:08,NULL
862,1429,1/05/08 23:18:08,NULL
246,1446,1/05/08 23:18:08,NULL
533,1446,1/05/08 23:18:08,NULL
820,1446,1/05/08 23:18:08,NULL
43,1463,1/05/08 23:18:08,NULL
330,1463,1/05/08 23:18:08,NULL
617,1463,1/05/08 23:18:08,NULL
904,1463,1/05/08 23:18:08,NULL
1,1480,1/05/08 23:18:08,NULL
288,1480,1/05/08 23:18:08,NULL
575,1480,1/05/08 23:18:08,NULL
862,1480,1/05/08 23:18:08,NULL
246,1497,1/05/08 23:18:08,NULL
533,1497,1/05/08 23:18:08,NULL
820,1497,1/05/08 23:18:08,NULL
43,1514,1/05/08 23:18:08,NULL
330,1514,1/05/08 23:18:08,NULL
617,1514,1/05/08 23:18:08,NULL
904,1514,1/05/08 23:18:08,NULL
1,1531,1/05/08 23:18:08,NULL
288,1531,1/05/08 23:18:08,NULL
575,1531,1/05/08 23:18:08,NULL
862,1531,1/05/08 23:18:08,NULL
246,1548,1/05/08 23:18:08,NULL
533,1548,1/05/08 23:18:08,NULL
820,1548,1/05/08 23:18:08,NULL
43,1565,1/05/08 23:18:08,NULL
330,1565,1/05/08 23:18:08,NULL
617,1565,1/05/08 23:18:08,NULL
904,1565,1/05/08 23:18:08,NULL
1,1582,1/05/08 23:18:08,NULL
288,1582,1/05/08 23:18:08,NULL
575,1582,1/05/08 23:18:08,NULL
862,1582,1/05/08 23:18:08,NULL
246,1599,1/05/08 23:18:08,NULL
533,1599,1/05/08 23:18:08,NULL
820,1599,1/05/08 23:18:08,NULL
43,1616,1/05/08 23:18:08,NULL
330,1616,1/05/08 23:18:08,NULL
617,1616,1/05/08 23:18:08,NULL
904,1616,1/05/08 23:18:08,NULL
1,1633,1/05/08 23:18:08,NULL
288,1633,1/05/08 23:18:08,NULL
575,1633,1/05/08 23:18:08,NULL
862,1633,1/05/08 23:18:08,NULL
246,1650,1/05/08 23:18:08,NULL
533,1650,1/05/08 23:18:08,NULL
820,1650,1/05/08 23:18:08,NULL
43,1667,1/05/08 23:18:08,NULL
330,1667,1/05/08 23:18:08,NULL
617,1667,1/05/08 23:18:08,NULL
904,1667,1/05/08 23:18:08,NULL
1,1684,1/05/08 23:18:08,NULL
288,1684,1/05/08 23:18:08,NULL
575,1684,1/05/08 23:18:08,NULL
862,1684,1/05/08 23:18:08,NULL
246,1701,1/05/08 23:18:08,NULL
533,1701,1/05/08 23:18:08,NULL
820,1701,1/05/08 23:18:08,NULL
43,1718,1/05/08 23:18:08,NULL
330,1718,1/05/08 23:18:08,NULL
617,1718,1/05/08 23:18:08,NULL
904,1718,1/05/08 23:18:08,NULL
1,1735,1/05/08 23:18:08,NULL
288,1735,1/05/08 23:18:08,NULL
575,1735,1/05/08 23:18:08,NULL
862,1735,1/05/08 23:18:08,NULL
246,1752,1/05/08 23:18:08,NULL
533,1752,1/05/08 23:18:08,NULL
820,1752,1/05/08 23:18:08,NULL
43,1769,1/05/08 23:18:08,NULL
330,1769,1/05/08 23:18:08,NULL
617,1769,1/05/08 23:18:08,NULL
904,1769,1/05/08 23:18:08,NULL
1,1786,1/05/08 23:18:08,NULL
288,1786,1/05/08 23:18:08,NULL
575,1786,1/05/08 23:18:08,NULL
862,1786,1/05/08 23:18:08,NULL
246,1803,1/05/08 23:18:08,NULL
533,1803,1/05/08 23:18:08,NULL
820,1803,1/05/08 23:18:08,NULL
43,1820,1/05/08 23:18:08,NULL
330,1820,1/05/08 23:18:08,NULL
617,1820,1/05/08 23:18:08,NULL
904,1820,1/05/08 23:18:08,NULL
1,1837,1/05/08 23:18:08,NULL
288,1837,1/05/08 23:18:08,NULL
575,1837,1/05/08 23:18:08,NULL
862,1837,1/05/08 23:18:08,NULL
246,1854,1/05/08 23:18:08,NULL
533,1854,1/05/08 23:18:08,NULL
820,1854,1/05/08 23:18:08,NULL
43,1871,1/05/08 23:18:08,NULL
330,1871,1/05/08 23:18:08,NULL
617,1871,1/05/08 23:18:08,NULL
904,1871,1/05/08 23:18:08,NULL
1,1888,1/05/08 23:18:08,NULL
288,1888,1/05/08 23:18:08,NULL
575,1888,1/05/08 23:18:08,NULL
862,1888,1/05/08 23:18:08,NULL
246,1905,1/05/08 23:18:08,NULL
533,1905,1/05/08 23:18:08,NULL
820,1905,1/05/08 23:18:08,NULL
43,1922,1/05/08 23:18:08,NULL
330,1922,1/05/08 23:18:08,NULL
617,1922,1/05/08 23:18:08,NULL
904,1922,1/05/08 23:18:08,NULL
1,1939,1/05/08 23:18:08,NULL
288,1939,1/05/08 23:18:08,NULL
575,1939,1/05/08 23:18:08,NULL
862,1939,1/05/08 23:18:08,NULL
246,1956,1/05/08 23:18:08,NULL
533,1956,1/05/08 23:18:08,NULL
820,1956,1/05/08 23:18:08,NULL
43,1973,1/05/08 23:18:08,NULL
330,1973,1/05/08 23:18:08,NULL
617,1973,1/05/08 23:18:08,NULL
904,1973,1/05/08 23:18:08,NULL
1,1990,1/05/08 23:18:08,NULL
288,1990,1/05/08 23:18:08,NULL
575,1990,1/05/08 23:18:08,NULL
862,1990,1/05/08 23:18:08,NULL
246,2007,1/05/08 23:18:08,NULL
533,2007,1/05/08 23:18:08,NULL
820,2007,1/05/08 23:18:08,NULL
43,2024,1/05/08 23:18:08,NULL
330,2024,1/05/08 23:18:08,NULL
617,2024,1/05/08 23:18:08,NULL
904,2024,1/05/08 23:18:08,NULL
1,2041,1/05/08 23:18:08,NULL
288,2041,1/05/08 23:18:08,NULL
575,2041,1/05/08 23:18:08,NULL
862,2041,1/05/08 23:18:08,NULL
246,2058,1/05/08 23:18:08,NULL
533,2058,1/05/08 23:18:08,NULL
820,2058,1/05/08 23:18:08,NULL
43,2075,1/05/08 23:18:08,NULL
330,2075,1/05/08 23:18:08,NULL
617,2075,1/05/08 23:18:08,NULL
904,2075,1/05/08 23:18:08,NULL
1,2092,1/05/08 23:18:08,NULL
288,2092,1/05/08 23:18:08,NULL
575,2092,1/05/08 23:18:08,NULL
862,2092,1/05/08 23:18:08,NULL
246,2109,1/05/08 23:18:08,NULL
533,2109,1/05/08 23:18:08,NULL
820,2109,1/05/08 23:18:08,NULL
43,2126,1/05/08 23:18:08,NULL
330,2126,1/05/08 23:18:08,NULL
617,2126,1/05/08 23:18:08,NULL
904,2126,1/05/08 23:18:08,NULL
1,2143,1/05/08 23:18:08,NULL
288,2143,1/05/08 23:18:08,NULL
575,2143,1/05/08 23:18:08,NULL
862,2143,1/05/08 23:18:08,NULL
246,2160,1/05/08 23:18:08,NULL
533,2160,1/05/08 23:18:08,NULL
820,2160,1/05/08 23:18:08,NULL
43,2177,1/05/08 23:18:08,NULL
330,2177,1/05/08 23:18:08,NULL
617,2177,1/05/08 23:18:08,NULL
904,2177,1/05/08 23:18:08,NULL
1,2194,1/05/08 23:18:08,NULL
288,2194,1/05/08 23:18:08,NULL
575,2194,1/05/08 23:18:08,NULL
862,2194,1/05/08 23:18:08,NULL
246,2211,1/05/08 23:18:08,NULL
533,2211,1/05/08 23:18:08,NULL
820,2211,1/05/08 23:18:08,NULL
43,2228,1/05/08 23:18:08,NULL
330,2228,1/05/08 23:18:08,NULL
617,2228,1/05/08 23:18:08,NULL
904,2228,1/05/08 23:18:08,NULL
1,2245,1/05/08 23:18:08,NULL
288,2245,1/05/08 23:18:08,NULL
575,2245,1/05/08 23:18:08,NULL
862,2245,1/05/08 23:18:08,NULL
246,2262,1/05/08 23:18:08,NULL
533,2262,1/05/08 23:18:08,NULL
820,2262,1/05/08 23:18:08,NULL
43,2279,1/05/08 23:18:08,NULL
330,2279,1/05/08 23:18:08,NULL
617,2279,1/05/08 23:18:08,NULL
904,2279,1/05/08 23:18:08,NULL
1,2296,1/05/08 23:18:08,NULL
288,2296,1/05/08 23:18:08,NULL
575,2296,1/05/08 23:18:08,NULL
862,2296,1/05/08 23:18:08,NULL
246,2313,1/05/08 23:18:08,NULL
533,2313,1/05/08 23:18:08,NULL
820,2313,1/05/08 23:18:08,NULL
43,2330,1/05/08 23:18:08,NULL
330,2330,1/05/08 23:18:08,NULL
617,2330,1/05/08 23:18:08,NULL
904,2330,1/05/08 23:18:08,NULL
1,2347,1/05/08 23:18:08,NULL
288,2347,1/05/08 23:18:08,NULL
575,2347,1/05/08 23:18:08,NULL
862,2347,1/05/08 23:18:08,NULL
246,2364,1/05/08 23:18:08,NULL
533,2364,1/05/08 23:18:08,NULL
820,2364,1/05/08 23:18:08,NULL
43,2381,1/05/08 23:18:08,NULL
330,2381,1/05/08 23:18:08,NULL
617,2381,1/05/08 23:18:08,NULL
904,2381,1/05/08 23:18:08,NULL
1,2398,1/05/08 23:18:08,NULL
288,2398,1/05/08 23:18:08,NULL
575,2398,1/05/08 23:18:08,NULL
862,2398,1/05/08 23:18:08,NULL
246,2415,1/05/08 23:18:08,NULL
533,2415,1/05/08 23:18:08,NULL
820,2415,1/05/08 23:18:08,NULL
43,2432,1/05/08 23:18:08,NULL
330,2432,1/05/08 23:18:08,NULL
617,2432,1/05/08 23:18:08,NULL
904,2432,1/05/08 23:18:08,NULL
1,2449,1/05/08 23:18:08,NULL
288,2449,1/05/08 23:18:08,NULL
575,2449,1/05/08 23:18:08,NULL
862,2449,1/05/08 23:18:08,NULL
246,2466,1/05/08 23:18:08,NULL
533,2466,1/05/08 23:18:08,NULL
820,2466,1/05/08 23:18:08,NULL
43,2483,1/05/08 23:18:08,NULL
330,2483,1/05/08 23:18:08,NULL
617,2483,1/05/08 23:18:08,NULL
904,2483,1/05/08 23:18:08,NULL
1,2500,1/05/08 23:18:08,NULL
288,2500,1/05/08 23:18:08,NULL
575,2500,1/05/08 23:18:08,NULL
862,2500,1/05/08 23:18:08,NULL
246,2517,1/05/08 23:18:08,NULL
533,2517,1/05/08 23:18:08,NULL
820,2517,1/05/08 23:18:08,NULL
43,2534,1/05/08 23:18:08,NULL
330,2534,1/05/08 23:18:08,NULL
617,2534,1/05/08 23:18:08,NULL
904,2534,1/05/08 23:18:08,NULL
1,2551,1/05/08 23:18:08,NULL
288,2551,1/05/08 23:18:08,NULL
575,2551,1/05/08 23:18:08,NULL
862,2551,1/05/08 23:18:08,NULL
246,2568,1/05/08 23:18:08,NULL
533,2568,1/05/08 23:18:08,NULL
820,2568,1/05/08 23:18:08,NULL
43,2585,1/05/08 23:18:08,NULL
330,2585,1/05/08 23:18:08,NULL
617,2585,1/05/08 23:18:08,NULL
904,2585,1/05/08 23:18:08,NULL
1,2602,1/05/08 23:18:08,NULL
288,2602,1/05/08 23:18:08,NULL
575,2602,1/05/08 23:18:08,NULL
862,2602,1/05/08 23:18:08,NULL
246,2619,1/05/08 23:18:08,NULL
533,2619,1/05/08 23:18:08,NULL
820,2619,1/05/08 23:18:08,NULL
43,2636,1/05/08 23:18:08,NULL
330,2636,1/05/08 23:18:08,NULL
617,2636,1/05/08 23:18:08,NULL
904,2636,1/05/08 23:18:08,NULL
1,2653,1/05/08 23:18:08,NULL
288,2653,1/05/08 23:18:08,NULL
575,2653,1/05/08 23:18:08,NULL
862,2653,1/05/08 23:18:08,NULL
246,2670,1/05/08 23:18:08,NULL
533,2670,1/05/08 23:18:08,NULL
820,2670,1/05/08 23:18:08,NULL
43,2687,1/05/08 23:18:08,NULL
330,2687,1/05/08 23:18:08,NULL
617,2687,1/05/08 23:18:08,NULL
904,2687,1/05/08 23:18:08,NULL
1,2704,1/05/08 23:18:08,NULL
288,2704,1/05/08 23:18:08,NULL
575,2704,1/05/08 23:18:08,NULL
862,2704,1/05/08 23:18:08,NULL
246,2721,1/05/08 23:18:08,NULL
533,2721,1/05/08 23:18:08,NULL
820,2721,1/05/08 23:18:08,NULL
43,2738,1/05/08 23:18:08,NULL
330,2738,1/05/08 23:18:08,NULL
617,2738,1/05/08 23:18:08,NULL
904,2738,1/05/08 23:18:08,NULL
1,2755,1/05/08 23:18:08,NULL
288,2755,1/05/08 23:18:08,NULL
575,2755,1/05/08 23:18:08,NULL
862,2755,1/05/08 23:18:08,NULL
246,2772,1/05/08 23:18:08,NULL
533,2772,1/05/08 23:18:08,NULL
820,2772,1/05/08 23:18:08,NULL
43,2789,1/05/08 23:18:08,NULL
330,2789,1/05/08 23:18:08,NULL
617,2789,1/05/08 23:18:08,NULL
904,2789,1/05/08 23:18:08,NULL
1,2806,1/05/08 23:18:08,NULL
288,2806,1/05/08 23:18:08,NULL
575,2806,1/05/08 23:18:08,NULL
862,2806,1/05/08 23:18:08,NULL
246,2823,1/05/08 23:18:08,NULL
533,2823,1/05/08 23:18:08,NULL
820,2823,1/05/08 23:18:08,NULL
43,2840,1/05/08 23:18:08,NULL
330,2840,1/05/08 23:18:08,NULL
617,2840,1/05/08 23:18:08,NULL
904,2840,1/05/08 23:18:08,NULL
1,2857,1/05/08 23:18:08,NULL
288,2857,1/05/08 23:18:08,NULL
575,2857,1/05/08 23:18:08,NULL
862,2857,1/05/08 23:18:08,NULL
246,2874,1/05/08 23:18:08,NULL
533,2874,1/05/08 23:18:08,NULL
820,2874,1/05/08 23:18:08,NULL
43,2891,1/05/08 23:18:08,NULL
330,2891,1/05/08 23:18:08,NULL
617,2891,1/05/08 23:18:08,NULL
904,2891,1/05/08 23:18:08,NULL
1,2908,1/05/08 23:18:08,NULL
288,2908,1/05/08 23:18:08,NULL
575,2908,1/05/08 23:18:08,NULL
862,2908,1/05/08 23:18:08,NULL
246,2925,1/05/08 23:18:08,NULL
533,2925,1/05/08 23:18:08,NULL
820,2925,1/05/08 23:18:08,NULL
43,2942,1/05/08 23:18:08,NULL
330,2942,1/05/08 23:18:08,NULL
617,2942,1/05/08 23:18:08,NULL
904,2942,1/05/08 23:18:08,NULL
1,2959,1/05/08 23:18:08,NULL
288,2959,1/05/08 23:18:08,NULL
575,2959,1/05/08 23:18:08,NULL
862,2959,1/05/08 23:18:08,NULL
246,2976,1/05/08 23:18:08,NULL
533,2976,1/05/08 23:18:08,NULL
820,2976,1/05/08 23:18:08,NULL
43,2993,1/05/08 23:18:08,NULL
330,2993,1/05/08 23:18:08,NULL
617,2993,1/05/08 23:18:08,NULL
904,2993,1/05/08 23:18:08,NULL
1,3010,1/05/08 23:18:08,NULL
288,3010,1/05/08 23:18:08,NULL
575,3010,1/05/08 23:18:08,NULL
862,3010,1/05/08 23:18:08,NULL
246,3027,1/05/08 23:18:08,NULL
533,3027,1/05/08 23:18:08,NULL
820,3027,1/05/08 23:18:08,NULL
43,3044,1/05/08 23:18:08,NULL
330,3044,1/05/08 23:18:08,NULL
617,3044,1/05/08 23:18:08,NULL
904,3044,1/05/08 23:18:08,NULL
1,3061,1/05/08 23:18:08,NULL
288,3061,1/05/08 23:18:08,NULL
575,3061,1/05/08 23:18:08,NULL
862,3061,1/05/08 23:18:08,NULL
246,3078,1/05/08 23:18:08,NULL
533,3078,1/05/08 23:18:08,NULL
820,3078,1/05/08 23:18:08,NULL
43,3095,1/05/08 23:18:08,NULL
330,3095,1/05/08 23:18:08,NULL
617,3095,1/05/08 23:18:08,NULL
904,3095,1/05/08 23:18:08,NULL
1,3112,1/05/08 23:18:08,NULL
288,3112,1/05/08 23:18:08,NULL
575,3112,1/05/08 23:18:08,NULL
862,3112,1/05/08 23:18:08,NULL
246,3129,1/05/08 23:18:08,NULL
533,3129,1/05/08 23:18:08,NULL
820,3129,1/05/08 23:18:08,NULL
43,3146,1/05/08 23:18:08,NULL
330,3146,1/05/08 23:18:08,NULL
617,3146,1/05/08 23:18:08,NULL
904,3146,1/05/08 23:18:08,NULL
1,3163,1/05/08 23:18:08,NULL
288,3163,1/05/08 23:18:08,NULL
575,3163,1/05/08 23:18:08,NULL
862,3163,1/05/08 23:18:08,NULL
246,3180,1/05/08 23:18:08,NULL
533,3180,1/05/08 23:18:08,NULL
820,3180,1/05/08 23:18:08,NULL
43,3197,1/05/08 23:18:08,NULL
330,3197,1/05/08 23:18:08,NULL
617,3197,1/05/08 23:18:08,NULL
904,3197,1/05/08 23:18:08,NULL
1,3214,1/05/08 23:18:08,NULL
288,3214,1/05/08 23:18:08,NULL
575,3214,1/05/08 23:18:08,NULL
862,3214,1/05/08 23:18:08,NULL
246,3231,1/05/08 23:18:08,NULL
533,3231,1/05/08 23:18:08,NULL
820,3231,1/05/08 23:18:08,NULL
43,3248,1/05/08 23:18:08,NULL
330,3248,1/05/08 23:18:08,NULL
617,3248,1/05/08 23:18:08,NULL
904,3248,1/05/08 23:18:08,NULL
1,3265,1/05/08 23:18:08,NULL
288,3265,1/05/08 23:18:08,NULL
575,3265,1/05/08 23:18:08,NULL
862,3265,1/05/08 23:18:08,NULL
246,3282,1/05/08 23:18:08,NULL
533,3282,1/05/08 23:18:08,NULL
820,3282,1/05/08 23:18:08,NULL
43,3299,1/05/08 23:18:08,NULL
330,3299,1/05/08 23:18:08,NULL
617,3299,1/05/08 23:18:08,NULL
904,3299,1/05/08 23:18:08,NULL
1,3316,1/05/08 23:18:08,NULL
288,3316,1/05/08 23:18:08,NULL
575,3316,1/05/08 23:18:08,NULL
862,3316,1/05/08 23:18:08,NULL
246,3333,1/05/08 23:18:08,NULL
533,3333,1/05/08 23:18:08,NULL
820,3333,1/05/08 23:18:08,NULL
43,3350,1/05/08 23:18:08,NULL
330,3350,1/05/08 23:18:08,NULL
617,3350,1/05/08 23:18:08,NULL
904,3350,1/05/08 23:18:08,NULL
1,3367,1/05/08 23:18:08,NULL
288,3367,1/05/08 23:18:08,NULL
575,3367,1/05/08 23:18:08,NULL
862,3367,1/05/08 23:18:08,NULL
246,3384,1/05/08 23:18:08,NULL
533,3384,1/05/08 23:18:08,NULL
820,3384,1/05/08 23:18:08,NULL
43,3401,1/05/08 23:18:08,NULL
330,3401,1/05/08 23:18:08,NULL
617,3401,1/05/08 23:18:08,NULL
904,3401,1/05/08 23:18:08,NULL
1,3418,1/05/08 23:18:08,NULL
288,3418,1/05/08 23:18:08,NULL
575,3418,1/05/08 23:18:08,NULL
862,3418,1/05/08 23:18:08,NULL
246,3435,1/05/08 23:18:08,NULL
533,3435,1/05/08 23:18:08,NULL
820,3435,1/05/08 23:18:08,NULL
43,3452,1/05/08 23:18:08,NULL
330,3452,1/05/08 23:18:08,NULL
617,3452,1/05/08 23:18:08,NULL
904,3452,1/05/08 23:18:08,NULL
1,3469,1/05/08 23:18:08,NULL
288,3469,1/05/08 23:18:08,NULL
575,3469,1/05/08 23:18:08,NULL
862,3469,1/05/08 23:18:08,NULL
246,3486,1/05/08 23:18:08,NULL
533,3486,1/05/08 23:18:08,NULL
820,3486,1/05/08 23:18:08,NULL
43,3503,1/05/08 23:18:08,NULL
330,3503,1/05/08 23:18:08,NULL
617,3503,1/05/08 23:18:08,NULL
904,3503,1/05/08 23:18:08,NULL
1,3520,1/05/08 23:18:08,NULL
288,3520,1/05/08 23:18:08,NULL
575,3520,1/05/08 23:18:08,NULL
862,3520,1/05/08 23:18:08,NULL
246,3537,1/05/08 23:18:08,NULL
533,3537,1/05/08 23:18:08,NULL
820,3537,1/05/08 23:18:08,NULL
43,3554,1/05/08 23:18:08,NULL
330,3554,1/05/08 23:18:08,NULL
617,3554,1/05/08 23:18:08,NULL
904,3554,1/05/08 23:18:08,NULL
1,3571,1/05/08 23:18:08,NULL
288,3571,1/05/08 23:18:08,NULL
575,3571,1/05/08 23:18:08,NULL
862,3571,1/05/08 23:18:08,NULL
246,3588,1/05/08 23:18:08,NULL
533,3588,1/05/08 23:18:08,NULL
820,3588,1/05/08 23:18:08,NULL
43,3605,1/05/08 23:18:08,NULL
330,3605,1/05/08 23:18:08,NULL
617,3605,1/05/08 23:18:08,NULL
904,3605,1/05/08 23:18:08,NULL
1,3622,1/05/08 23:18:08,NULL
288,3622,1/05/08 23:18:08,NULL
575,3622,1/05/08 23:18:08,NULL
862,3622,1/05/08 23:18:08,NULL
246,3639,1/05/08 23:18:08,NULL
533,3639,1/05/08 23:18:08,NULL
820,3639,1/05/08 23:18:08,NULL
43,3656,1/05/08 23:18:08,NULL
330,3656,1/05/08 23:18:08,NULL
617,3656,1/05/08 23:18:08,NULL
904,3656,1/05/08 23:18:08,NULL
1,3673,1/05/08 23:18:08,NULL
288,3673,1/05/08 23:18:08,NULL
575,3673,1/05/08 23:18:08,NULL
862,3673,1/05/08 23:18:08,NULL
246,3690,1/05/08 23:18:08,NULL
533,3690,1/05/08 23:18:08,NULL
820,3690,1/05/08 23:18:08,NULL
43,3707,1/05/08 23:18:08,NULL
330,3707,1/05/08 23:18:08,NULL
617,3707,1/05/08 23:18:08,NULL
904,3707,1/05/08 23:18:08,NULL
1,3724,1/05/08 23:18:08,NULL
288,3724,1/05/08 23:18:08,NULL
575,3724,1/05/08 23:18:08,NULL
862,3724,1/05/08 23:18:08,NULL
246,3741,1/05/08 23:18:08,NULL
533,3741,1/05/08 23:18:08,NULL
820,3741,1/05/08 23:18:08,NULL
43,3758,1/05/08 23:18:08,NULL
330,3758,1/05/08 23:18:08,NULL
617,3758,1/05/08 23:18:08,NULL
904,3758,1/05/08 23:18:08,NULL
1,3775,1/05/08 23:18:08,NULL
288,3775,1/05/08 23:18:08,NULL
575,3775,1/05/08 23:18:08,NULL
862,3775,1/05/08 23:18:08,NULL
246,3792,1/05/08 23:18:08,NULL
533,3792,1/05/08 23:18:08,NULL
820,3792,1/05/08 23:18:08,NULL
43,3809,1/05/08 23:18:08,NULL
330,3809,1/05/08 23:18:08,NULL
617,3809,1/05/08 23:18:08,NULL
904,3809,1/05/08 23:18:08,NULL
1,3826,1/05/08 23:18:08,NULL
288,3826,1/05/08 23:18:08,NULL
575,3826,1/05/08 23:18:08,NULL
862,3826,1/05/08 23:18:08,NULL
246,3843,1/05/08 23:18:08,NULL
533,3843,1/05/08 23:18:08,NULL
820,3843,1/05/08 23:18:08,NULL
43,3860,1/05/08 23:18:08,NULL
330,3860,1/05/08 23:18:08,NULL
617,3860,1/05/08 23:18:08,NULL
904,3860,1/05/08 23:18:08,NULL
1,3877,1/05/08 23:18:08,NULL
288,3877,1/05/08 23:18:08,NULL
575,3877,1/05/08 23:18:08,NULL
862,3877,1/05/08 23:18:08,NULL
246,3894,1/05/08 23:18:08,NULL
533,3894,1/05/08 23:18:08,NULL
820,3894,1/05/08 23:18:08,NULL
43,3911,1/05/08 23:18:08,NULL
330,3911,1/05/08 23:18:08,NULL
617,3911,1/05/08 23:18:08,NULL
904,3911,1/05/08 23:18:08,NULL
1,3928,1/05/08 23:18:08,NULL
288,3928,1/05/08 23:18:08,NULL
575,3928,1/05/08 23:18:08,NULL
862,3928,1/05/08 23:18:08,NULL
246,3945,1/05/08 23:18:08,NULL
533,3945,1/05/08 23:18:08,NULL
820,3945,1/05/08 23:18:08,NULL
43,3962,1/05/08 23:18:08,NULL
330,3962,1/05/08 23:18:08,NULL
617,3962,1/05/08 23:18:08,NULL
904,3962,1/05/08 23:18:08,NULL
1,3979,1/05/08 23:18:08,NULL
288,3979,1/05/08 23:18:08,NULL
575,3979,1/05/08 23:18:08,NULL
862,3979,1/05/08 23:18:08,NULL
246,3996,1/05/08 23:18:08,NULL
533,3996,1/05/08 23:18:08,NULL
820,3996,1/05/08 23:18:08,NULL
43,4013,1/05/08 23:18:08,NULL
330,4013,1/05/08 23:18:08,NULL
617,4013,1/05/08 23:18:08,NULL
904,4013,1/05/08 23:18:08,NULL
1,4030,1/05/08 23:18:08,NULL
288,4030,1/05/08 23:18:08,NULL
575,4030,1/05/08 23:18:08,NULL
862,4030,1/05/08 23:18:08,NULL
246,4047,1/05/08 23:18:08,NULL
533,4047,1/05/08 23:18:08,NULL
820,4047,1/05/08 23:18:08,NULL
43,4064,1/05/08 23:18:08,NULL
330,4064,1/05/08 23:18:08,NULL
617,4064,1/05/08 23:18:08,NULL
904,4064,1/05/08 23:18:08,NULL
1,4081,1/05/08 23:18:08,NULL
288,4081,1/05/08 23:18:08,NULL
575,4081,1/05/08 23:18:08,NULL
862,4081,1/05/08 23:18:08,NULL
246,4098,1/05/08 23:18:08,NULL
533,4098,1/05/08 23:18:08,NULL
820,4098,1/05/08 23:18:08,NULL
43,4115,1/05/08 23:18:08,NULL
330,4115,1/05/08 23:18:08,NULL
617,4115,1/05/08 23:18:08,NULL
904,4115,1/05/08 23:18:08,NULL
1,4132,1/05/08 23:18:08,NULL
288,4132,1/05/08 23:18:08,NULL
575,4132,1/05/08 23:18:08,NULL
862,4132,1/05/08 23:18:08,NULL
246,4149,1/05/08 23:18:08,NULL
533,4149,1/05/08 23:18:08,NULL
820,4149,1/05/08 23:18:08,NULL
43,4166,1/05/08 23:18:08,NULL
330,4166,1/05/08 23:18:08,NULL
617,4166,1/05/08 23:18:08,NULL
904,4166,1/05/08 23:18:08,NULL
1,4183,1/05/08 23:18:08,NULL
288,4183,1/05/08 23:18:08,NULL
575,4183,1/05/08 23:18:08,NULL
862,4183,1/05/08 23:18:08,NULL
246,4200,1/05/08 23:18:08,NULL
533,4200,1/05/08 23:18:08,NULL
820,4200,1/05/08 23:18:08,NULL
43,4217,1/05/08 23:18:08,NULL
330,4217,1/05/08 23:18:08,NULL
617,4217,1/05/08 23:18:08,NULL
904,4217,1/05/08 23:18:08,NULL
1,4234,1/05/08 23:18:08,NULL
288,4234,1/05/08 23:18:08,NULL
575,4234,1/05/08 23:18:08,NULL
862,4234,1/05/08 23:18:08,NULL
246,4251,1/05/08 23:18:08,NULL
533,4251,1/05/08 23:18:08,NULL
820,4251,1/05/08 23:18:08,NULL
43,4268,1/05/08 23:18:08,NULL
330,4268,1/05/08 23:18:08,NULL
617,4268,1/05/08 23:18:08,NULL
904,4268,1/05/08 23:18:08,NULL
1,4285,1/05/08 23:18:08,NULL
288,4285,1/05/08 23:18:08,NULL
575,4285,1/05/08 23:18:08,NULL
862,4285,1/05/08 23:18:08,NULL
246,4302,1/05/08 23:18:08,NULL
533,4302,1/05/08 23:18:08,NULL
820,4302,1/05/08 23:18:08,NULL
43,4319,1/05/08 23:18:08,NULL
330,4319,1/05/08 23:18:08,NULL
617,4319,1/05/08 23:18:08,NULL
904,4319,1/05/08 23:18:08,NULL
1,4336,1/05/08 23:18:08,NULL
288,4336,1/05/08 23:18:08,NULL
575,4336,1/05/08 23:18:08,NULL
862,4336,1/05/08 23:18:08,NULL
246,4353,1/05/08 23:18:08,NULL
533,4353,1/05/08 23:18:08,NULL
820,4353,1/05/08 23:18:08,NULL
43,4370,1/05/08 23:18:08,NULL
330,4370,1/05/08 23:18:08,NULL
617,4370,1/05/08 23:18:08,NULL
904,4370,1/05/08 23:18:08,NULL
1,4387,1/05/08 23:18:08,NULL
288,4387,1/05/08 23:18:08,NULL
575,4387,1/05/08 23:18:08,NULL
862,4387,1/05/08 23:18:08,NULL
246,4404,1/05/08 23:18:08,NULL
533,4404,1/05/08 23:18:08,NULL
820,4404,1/05/08 23:18:08,NULL
43,4421,1/05/08 23:18:08,NULL
330,4421,1/05/08 23:18:08,NULL
617,4421,1/05/08 23:18:08,NULL
904,4421,1/05/08 23:18:08,NULL
1,4438,1/05/08 23:18:08,NULL
288,4438,1/05/08 23:18:08,NULL
575,4438,1/05/08 23:18:08,NULL
862,4438,1/05/08 23:18:08,NULL
246,4455,1/05/08 23:18:08,NULL
533,4455,1/05/08 23:18:08,NULL
820,4455,1/05/08 23:18:08,NULL
43,4472,1/05/08 23:18:08,NULL
330,4472,1/05/08 23:18:08,NULL
617,4472,1/05/08 23:18:08,NULL
904,4472,1/05/08 23:18:08,NULL
1,4489,1/05/08 23:18:08,NULL
288,4489,1/05/08 23:18:08,NULL
575,4489,1/05/08 23:18:08,NULL
862,4489,1/05/08 23:18:08,NULL
246,4506,1/05/08 23:18:08,NULL
533,4506,1/05/08 23:18:08,NULL
820,4506,1/05/08 23:18:08,NULL
43,4523,1/05/08 23:18:08,NULL
330,4523,1/05/08 23:18:08,NULL
617,4523,1/05/08 23:18:08,NULL
904,4523,1/05/08 23:18:08,NULL
1,4540,1/05/08 23:18:08,NULL
288,4540,1/05/08 23:18:08,NULL
575,4540,1/05/08 23:18:08,NULL
862,4540,1/05/08 23:18:08,NULL
246,4557,1/05/08 23:18:08,NULL
533,4557,1/05/08 23:18:08,NULL
820,4557,1/05/08 23:18:08,NULL
43,4574,1/05/08 23:18:08,NULL
330,4574,1/05/08 23:18:08,NULL
617,4574,1/05/08 23:18:08,NULL
904,4574,1/05/08 23:18:08,NULL
1,4591,1/05/08 23:18:08,NULL
288,4591,1/05/08 23:18:08,NULL
575,4591,1/05/08 23:18:08,NULL
862,4591,1/05/08 23:18:08,NULL
246,4608,1/05/08 23:18:08,NULL
533,4608,1/05/08 23:18:08,NULL
820,4608,1/05/08 23:18:08,NULL
43,4625,1/05/08 23:18:08,NULL
330,4625,1/05/08 23:18:08,NULL
617,4625,1/05/08 23:18:08,NULL
904,4625,1/05/08 23:18:08,NULL
1,4642,1/05/08 23:18:08,NULL
288,4642,1/05/08 23:18:08,NULL
575,4642,1/05/08 23:18:08,NULL
862,4642,1/05/08 23:18:08,NULL
246,4659,1/05/08 23:18:08,NULL
533,4659,1/05/08 23:18:08,NULL
820,4659,1/05/08 23:18:08,NULL
43,4676,1/05/08 23:18:08,NULL
330,4676,1/05/08 23:18:08,NULL
617,4676,1/05/08 23:18:08,NULL
904,4676,1/05/08 23:18:08,NULL
1,4693,1/05/08 23:18:08,NULL
288,4693,1/05/08 23:18:08,NULL
575,4693,1/05/08 23:18:08,NULL
862,4693,1/05/08 23:18:08,NULL
246,4710,1/05/08 23:18:08,NULL
533,4710,1/05/08 23:18:08,NULL
820,4710,1/05/08 23:18:08,NULL
43,4727,1/05/08 23:18:08,NULL
330,4727,1/05/08 23:18:08,NULL
617,4727,1/05/08 23:18:08,NULL
904,4727,1/05/08 23:18:08,NULL
1,4744,1/05/08 23:18:08,NULL
288,4744,1/05/08 23:18:08,NULL
575,4744,1/05/08 23:18:08,NULL
862,4744,1/05/08 23:18:08,NULL
246,4761,1/05/08 23:18:08,NULL
533,4761,1/05/08 23:18:08,NULL
820,4761,1/05/08 23:18:08,NULL
43,4778,1/05/08 23:18:08,NULL
330,4778,1/05/08 23:18:08,NULL
617,4778,1/05/08 23:18:08,NULL
904,4778,1/05/08 23:18:08,NULL
1,4795,1/05/08 23:18:08,NULL
288,4795,1/05/08 23:18:08,NULL
575,4795,1/05/08 23:18:08,NULL
862,4795,1/05/08 23:18:08,NULL
246,4812,1/05/08 23:18:08,NULL
533,4812,1/05/08 23:18:08,NULL
820,4812,1/05/08 23:18:08,NULL
43,4829,1/05/08 23:18:08,NULL
330,4829,1/05/08 23:18:08,NULL
617,4829,1/05/08 23:18:08,NULL
904,4829,1/05/08 23:18:08,NULL
1,4846,1/05/08 23:18:08,NULL
288,4846,1/05/08 23:18:08,NULL
575,4846,1/05/08 23:18:08,NULL
862,4846,1/05/08 23:18:08,NULL
246,4863,1/05/08 23:18:08,NULL
533,4863,1/05/08 23:18:08,NULL
820,4863,1/05/08 23:18:08,NULL
43,4880,1/05/08 23:18:08,NULL
330,4880,1/05/08 23:18:08,NULL
617,4880,1/05/08 23:18:08,NULL
904,4880,1/05/08 23:18:08,NULL
1,4897,1/05/08 23:18:08,NULL
288,4897,1/05/08 23:18:08,NULL
575,4897,1/05/08 23:18:08,NULL
862,4897,1/05/08 23:18:08,NULL
246,4914,1/05/08 23:18:08,NULL
533,4914,1/05/08 23:18:08,NULL
820,4914,1/05/08 23:18:08,NULL
43,4931,1/05/08 23:18:08,NULL
330,4931,1/05/08 23:18:08,NULL
617,4931,1/05/08 23:18:08,NULL
904,4931,1/05/08 23:18:08,NULL
1,4948,1/05/08 23:18:08,NULL
288,4948,1/05/08 23:18:08,NULL
575,4948,1/05/08 23:18:08,NULL
862,4948,1/05/08 23:18:08,NULL
246,4965,1/05/08 23:18:08,NULL
533,4965,1/05/08 23:18:08,NULL
820,4965,1/05/08 23:18:08,NULL
43,4982,1/05/08 23:18:08,NULL
330,4982,1/05/08 23:18:08,NULL
617,4982,1/05/08 23:18:08,NULL
904,4982,1/05/08 23:18:08,NULL
1,4999,1/05/08 23:18:08,NULL
288,4999,1/05/08 23:18:08,NULL
575,4999,1/05/08 23:18:08,NULL
862,4999,1/05/08 23:18:08,NULL
246,5016,1/05/08 23:18:08,NULL
533,5016,1/05/08 23:18:08,NULL
820,5016,1/05/08 23:18:08,NULL
43,5033,1/05/08 23:18:08,NULL
330,5033,1/05/08 23:18:08,NULL
617,5033,1/05/08 23:18:08,NULL
904,5033,1/05/08 23:18:08,NULL
1,5050,1/05/08 23:18:08,NULL
288,5050,1/05/08 23:18:08,NULL
575,5050,1/05/08 23:18:08,NULL
862,5050,1/05/08 23:18:08,NULL
246,5067,1/05/08 23:18:08,NULL
533,5067,1/05/08 23:18:08,NULL
820,5067,1/05/08 23:18:08,NULL
43,5084,1/05/08 23:18:08,NULL
330,5084,1/05/08 23:18:08,NULL
617,5084,1/05/08 23:18:08,NULL
904,5084,1/05/08 23:18:08,NULL
1,5101,1/05/08 23:18:08,NULL
288,5101,1/05/08 23:18:08,NULL
575,5101,1/05/08 23:18:08,NULL
862,5101,1/05/08 23:18:08,NULL
246,5118,1/05/08 23:18:08,NULL
533,5118,1/05/08 23:18:08,NULL
820,5118,1/05/08 23:18:08,NULL
43,5135,1/05/08 23:18:08,NULL
330,5135,1/05/08 23:18:08,NULL
617,5135,1/05/08 23:18:08,NULL
904,5135,1/05/08 23:18:08,NULL
1,5152,1/05/08 23:18:08,NULL
288,5152,1/05/08 23:18:08,NULL
575,5152,1/05/08 23:18:08,NULL
862,5152,1/05/08 23:18:08,NULL
246,5169,1/05/08 23:18:08,NULL
533,5169,1/05/08 23:18:08,NULL
820,5169,1/05/08 23:18:08,NULL
43,5186,1/05/08 23:18:08,NULL
330,5186,1/05/08 23:18:08,NULL
617,5186,1/05/08 23:18:08,NULL
904,5186,1/05/08 23:18:08,NULL
1,5203,1/05/08 23:18:08,NULL
288,5203,1/05/08 23:18:08,NULL
575,5203,1/05/08 23:18:08,NULL
862,5203,1/05/08 23:18:08,NULL
246,5220,1/05/08 23:18:08,NULL
533,5220,1/05/08 23:18:08,NULL
820,5220,1/05/08 23:18:08,NULL
43,5237,1/05/08 23:18:08,NULL
330,5237,1/05/08 23:18:08,NULL
617,5237,1/05/08 23:18:08,NULL
904,5237,1/05/08 23:18:08,NULL
1,5254,1/05/08 23:18:08,NULL
288,5254,1/05/08 23:18:08,NULL
575,5254,1/05/08 23:18:08,NULL
862,5254,1/05/08 23:18:08,NULL
246,5271,1/05/08 23:18:08,NULL
533,5271,1/05/08 23:18:08,NULL
820,5271,1/05/08 23:18:08,NULL
43,5288,1/05/08 23:18:08,NULL
330,5288,1/05/08 23:18:08,NULL
617,5288,1/05/08 23:18:08,NULL
904,5288,1/05/08 23:18:08,NULL
1,5305,1/05/08 23:18:08,NULL
288,5305,1/05/08 23:18:08,NULL
575,5305,1/05/08 23:18:08,NULL
862,5305,1/05/08 23:18:08,NULL
246,5322,1/05/08 23:18:08,NULL
533,5322,1/05/08 23:18:08,NULL
820,5322,1/05/08 23:18:08,NULL
43,5339,1/05/08 23:18:08,NULL
330,5339,1/05/08 23:18:08,NULL
617,5339,1/05/08 23:18:08,NULL
904,5339,1/05/08 23:18:08,NULL
1,5356,1/05/08 23:18:08,NULL
288,5356,1/05/08 23:18:08,NULL
575,5356,1/05/08 23:18:08,NULL
862,5356,1/05/08 23:18:08,NULL
246,5373,1/05/08 23:18:08,NULL
533,5373,1/05/08 23:18:08,NULL
820,5373,1/05/08 23:18:08,NULL
43,5390,1/05/08 23:18:08,NULL
330,5390,1/05/08 23:18:08,NULL
617,5390,1/05/08 23:18:08,NULL
904,5390,1/05/08 23:18:08,NULL
1,5407,1/05/08 23:18:08,NULL
288,5407,1/05/08 23:18:08,NULL
575,5407,1/05/08 23:18:08,NULL
862,5407,1/05/08 23:18:08,NULL
246,5424,1/05/08 23:18:08,NULL
533,5424,1/05/08 23:18:08,NULL
820,5424,1/05/08 23:18:08,NULL
43,5441,1/05/08 23:18:08,NULL
330,5441,1/05/08 23:18:08,NULL
617,5441,1/05/08 23:18:08,NULL
904,5441,1/05/08 23:18:08,NULL
1,5458,1/05/08 23:18:08,NULL
288,5458,1/05/08 23:18:08,NULL
575,5458,1/05/08 23:18:08,NULL
862,5458,1/05/08 23:18:08,NULL
246,5475,1/05/08 23:18:08,NULL
533,5475,1/05/08 23:18:08,NULL
820,5475,1/05/08 23:18:08,NULL
43,5492,1/05/08 23:18:08,NULL
330,5492,1/05/08 23:18:08,NULL
617,5492,1/05/08 23:18:08,NULL
904,5492,1/05/08 23:18:08,NULL
1,5509,1/05/08 23:18:08,NULL
288,5509,1/05/08 23:18:08,NULL
575,5509,1/05/08 23:18:08,NULL
862,5509,1/05/08 23:18:08,NULL
246,5526,1/05/08 23:18:08,NULL
533,5526,1/05/08 23:18:08,NULL
820,5526,1/05/08 23:18:08,NULL
43,5543,1/05/08 23:18:08,NULL
330,5543,1/05/08 23:18:08,NULL
617,5543,1/05/08 23:18:08,NULL
904,5543,1/05/08 23:18:08,NULL
1,5560,1/05/08 23:18:08,NULL
288,5560,1/05/08 23:18:08,NULL
575,5560,1/05/08 23:18:08,NULL
862,5560,1/05/08 23:18:08,NULL
246,5577,1/05/08 23:18:08,NULL
533,5577,1/05/08 23:18:08,NULL
820,5577,1/05/08 23:18:08,NULL
43,5594,1/05/08 23:18:08,NULL
330,5594,1/05/08 23:18:08,NULL
617,5594,1/05/08 23:18:08,NULL
904,5594,1/05/08 23:18:08,NULL
1,5611,1/05/08 23:18:08,NULL
288,5611,1/05/08 23:18:08,NULL
575,5611,1/05/08 23:18:08,NULL
862,5611,1/05/08 23:18:08,NULL
246,5628,1/05/08 23:18:08,NULL
533,5628,1/05/08 23:18:08,NULL
820,5628,1/05/08 23:18:08,NULL
43,5645,1/05/08 23:18:08,NULL
330,5645,1/05/08 23:18:08,NULL
617,5645,1/05/08 23:18:08,NULL
904,5645,1/05/08 23:18:08,NULL
1,5662,1/05/08 23:18:08,NULL
288,5662,1/05/08 23:18:08,NULL
575,5662,1/05/08 23:18:08,NULL
862,5662,1/05/08 23:18:08,NULL
246,5679,1/05/08 23:18:08,NULL
533,5679,1/05/08 23:18:08,NULL
820,5679,1/05/08 23:18:08,NULL
43,5696,1/05/08 23:18:08,NULL
330,5696,1/05/08 23:18:08,NULL
617,5696,1/05/08 23:18:08,NULL
904,5696,1/05/08 23:18:08,NULL
1,5713,1/05/08 23:18:08,NULL
288,5713,1/05/08 23:18:08,NULL
575,5713,1/05/08 23:18:08,NULL
862,5713,1/05/08 23:18:08,NULL
246,5730,1/05/08 23:18:08,NULL
533,5730,1/05/08 23:18:08,NULL
820,5730,1/05/08 23:18:08,NULL
43,5747,1/05/08 23:18:08,NULL
330,5747,1/05/08 23:18:08,NULL
617,5747,1/05/08 23:18:08,NULL
904,5747,1/05/08 23:18:08,NULL
1,5764,1/05/08 23:18:08,NULL
288,5764,1/05/08 23:18:08,NULL
575,5764,1/05/08 23:18:08,NULL
862,5764,1/05/08 23:18:08,NULL
246,5781,1/05/08 23:18:08,NULL
533,5781,1/05/08 23:18:08,NULL
820,5781,1/05/08 23:18:08,NULL
43,5798,1/05/08 23:18:08,NULL
330,5798,1/05/08 23:18:08,NULL
617,5798,1/05/08 23:18:08,NULL
904,5798,1/05/08 23:18:08,NULL
1,5815,1/05/08 23:18:08,NULL
288,5815,1/05/08 23:18:08,NULL
575,5815,1/05/08 23:18:08,NULL
862,5815,1/05/08 23:18:08,NULL
246,5832,1/05/08 23:18:08,NULL
533,5832,1/05/08 23:18:08,NULL
820,5832,1/05/08 23:18:08,NULL
43,5849,1/05/08 23:18:08,NULL
330,5849,1/05/08 23:18:08,NULL
617,5849,1/05/08 23:18:08,NULL
904,5849,1/05/08 23:18:08,NULL
1,5866,1/05/08 23:18:08,NULL
288,5866,1/05/08 23:18:08,NULL
575,5866,1/05/08 23:18:08,NULL
862,5866,1/05/08 23:18:08,NULL
246,5883,1/05/08 23:18:08,NULL
533,5883,1/05/08 23:18:08,NULL
820,5883,1/05/08 23:18:08,NULL
43,5900,1/05/08 23:18:08,NULL
330,5900,1/05/08 23:18:08,NULL
617,5900,1/05/08 23:18:08,NULL
904,5900,1/05/08 23:18:08,NULL
1,5917,1/05/08 23:18:08,NULL
288,5917,1/05/08 23:18:08,NULL
575,5917,1/05/08 23:18:08,NULL
862,5917,1/05/08 23:18:08,NULL
246,5934,1/05/08 23:18:08,NULL
533,5934,1/05/08 23:18:08,NULL
820,5934,1/05/08 23:18:08,NULL
43,5951,1/05/08 23:18:08,NULL
330,5951,1/05/08 23:18:08,NULL
617,5951,1/05/08 23:18:08,NULL
904,5951,1/05/08 23:18:08,NULL
1,5968,1/05/08 23:18:08,NULL
288,5968,1/05/08 23:18:08,NULL
575,5968,1/05/08 23:18:08,NULL
862,5968,1/05/08 23:18:08,NULL
246,5985,1/05/08 23:18:08,NULL
533,5985,1/05/08 23:18:08,NULL
820,5985,1/05/08 23:18:08,NULL
43,6002,1/05/08 23:18:08,NULL
330,6002,1/05/08 23:18:08,NULL
617,6002,1/05/08 23:18:08,NULL
904,6002,1/05/08 23:18:08,NULL
1,6019,1/05/08 23:18:08,NULL
288,6019,1/05/08 23:18:08,NULL
575,6019,1/05/08 23:18:08,NULL
862,6019,1/05/08 23:18:08,NULL
246,6036,1/05/08 23:18:08,NULL
533,6036,1/05/08 23:18:08,NULL
820,6036,1/05/08 23:18:08,NULL
43,6053,1/05/08 23:18:08,NULL
330,6053,1/05/08 23:18:08,NULL
617,6053,1/05/08 23:18:08,NULL
904,6053,1/05/08 23:18:08,NULL
1,6070,1/05/08 23:18:08,NULL
288,6070,1/05/08 23:18:08,NULL
575,6070,1/05/08 23:18:08,NULL
862,6070,1/05/08 23:18:08,NULL
246,6087,1/05/08 23:18:08,NULL
533,6087,1/05/08 23:18:08,NULL
820,6087,1/05/08 23:18:08,NULL
43,6104,1/05/08 23:18:08,NULL
330,6104,1/05/08 23:18:08,NULL
617,6104,1/05/08 23:18:08,NULL
904,6104,1/05/08 23:18:08,NULL
1,6121,1/05/08 23:18:08,NULL
288,6121,1/05/08 23:18:08,NULL
575,6121,1/05/08 23:18:08,NULL
862,6121,1/05/08 23:18:08,NULL
246,6138,1/05/08 23:18:08,NULL
533,6138,1/05/08 23:18:08,NULL
820,6138,1/05/08 23:18:08,NULL
43,6155,1/05/08 23:18:08,NULL
330,6155,1/05/08 23:18:08,NULL
617,6155,1/05/08 23:18:08,NULL
904,6155,1/05/08 23:18:08,NULL
1,6172,1/05/08 23:18:08,NULL
288,6172,1/05/08 23:18:08,NULL
575,6172,1/05/08 23:18:08,NULL
862,6172,1/05/08 23:18:08,NULL
246,6189,1/05/08 23:18:08,NULL
533,6189,1/05/08 23:18:08,NULL
820,6189,1/05/08 23:18:08,NULL
43,6206,1/05/08 23:18:08,NULL
330,6206,1/05/08 23:18:08,NULL
617,6206,1/05/08 23:18:08,NULL
904,6206,1/05/08 23:18:08,NULL
1,6223,1/05/08 23:18:08,NULL
288,6223,1/05/08 23:18:08,NULL
575,6223,1/05/08 23:18:08,NULL
862,6223,1/05/08 23:18:08,NULL
246,6240,1/05/08 23:18:08,NULL
533,6240,1/05/08 23:18:08,NULL
820,6240,1/05/08 23:18:08,NULL
43,6257,1/05/08 23:18:08,NULL
330,6257,1/05/08 23:18:08,NULL
617,6257,1/05/08 23:18:08,NULL
904,6257,1/05/08 23:18:08,NULL
1,6274,1/05/08 23:18:08,NULL
288,6274,1/05/08 23:18:08,NULL
575,6274,1/05/08 23:18:08,NULL
862,6274,1/05/08 23:18:08,NULL
246,6291,1/05/08 23:18:08,NULL
533,6291,1/05/08 23:18:08,NULL
820,6291,1/05/08 23:18:08,NULL
43,6308,1/05/08 23:18:08,NULL
330,6308,1/05/08 23:18:08,NULL
617,6308,1/05/08 23:18:08,NULL
904,6308,1/05/08 23:18:08,NULL
1,6325,1/05/08 23:18:08,NULL
288,6325,1/05/08 23:18:08,NULL
575,6325,1/05/08 23:18:08,NULL
862,6325,1/05/08 23:18:08,NULL
246,6342,1/05/08 23:18:08,NULL
533,6342,1/05/08 23:18:08,NULL
820,6342,1/05/08 23:18:08,NULL
43,6359,1/05/08 23:18:08,NULL
330,6359,1/05/08 23:18:08,NULL
617,6359,1/05/08 23:18:08,NULL
904,6359,1/05/08 23:18:08,NULL
1,6376,1/05/08 23:18:08,NULL
288,6376,1/05/08 23:18:08,NULL
575,6376,1/05/08 23:18:08,NULL
862,6376,1/05/08 23:18:08,NULL
246,6393,1/05/08 23:18:08,NULL
533,6393,1/05/08 23:18:08,NULL
820,6393,1/05/08 23:18:08,NULL
43,6410,1/05/08 23:18:08,NULL
330,6410,1/05/08 23:18:08,NULL
617,6410,1/05/08 23:18:08,NULL
904,6410,1/05/08 23:18:08,NULL
1,6427,1/05/08 23:18:08,NULL
288,6427,1/05/08 23:18:08,NULL
575,6427,1/05/08 23:18:08,NULL
862,6427,1/05/08 23:18:08,NULL
246,6444,1/05/08 23:18:08,NULL
533,6444,1/05/08 23:18:08,NULL
820,6444,1/05/08 23:18:08,NULL
43,6461,1/05/08 23:18:08,NULL
330,6461,1/05/08 23:18:08,NULL
617,6461,1/05/08 23:18:08,NULL
904,6461,1/05/08 23:18:08,NULL
1,6478,1/05/08 23:18:08,NULL
288,6478,1/05/08 23:18:08,NULL
575,6478,1/05/08 23:18:08,NULL
862,6478,1/05/08 23:18:08,NULL
246,6495,1/05/08 23:18:08,NULL
533,6495,1/05/08 23:18:08,NULL
820,6495,1/05/08 23:18:08,NULL
43,6512,1/05/08 23:18:08,NULL
330,6512,1/05/08 23:18:08,NULL
617,6512,1/05/08 23:18:08,NULL
904,6512,1/05/08 23:18:08,NULL
1,6529,1/05/08 23:18:08,NULL
288,6529,1/05/08 23:18:08,NULL
575,6529,1/05/08 23:18:08,NULL
862,6529,1/05/08 23:18:08,NULL
246,6546,1/05/08 23:18:08,NULL
533,6546,1/05/08 23:18:08,NULL
820,6546,1/05/08 23:18:08,NULL
43,6563,1/05/08 23:18:08,NULL
330,6563,1/05/08 23:18:08,NULL
617,6563,1/05/08 23:18:08,NULL
904,6563,1/05/08 23:18:08,NULL
1,6580,1/05/08 23:18:08,NULL
288,6580,1/05/08 23:18:08,NULL
575,6580,1/05/08 23:18:08,NULL
862,6580,1/05/08 23:18:08,NULL
246,6597,1/05/08 23:18:08,NULL
533,6597,1/05/08 23:18:08,NULL
820,6597,1/05/08 23:18:08,NULL
43,6614,1/05/08 23:18:08,NULL
330,6614,1/05/08 23:18:08,NULL
617,6614,1/05/08 23:18:08,NULL
904,6614,1/05/08 23:18:08,NULL
1,6631,1/05/08 23:18:08,NULL
288,6631,1/05/08 23:18:08,NULL
575,6631,1/05/08 23:18:08,NULL
862,6631,1/05/08 23:18:08,NULL
246,6648,1/05/08 23:18:08,NULL
533,6648,1/05/08 23:18:08,NULL
820,6648,1/05/08 23:18:08,NULL
43,6665,1/05/08 23:18:08,NULL
330,6665,1/05/08 23:18:08,NULL
617,6665,1/05/08 23:18:08,NULL
904,6665,1/05/08 23:18:08,NULL
1,6682,1/05/08 23:18:08,NULL
288,6682,1/05/08 23:18:08,NULL
575,6682,1/05/08 23:18:08,NULL
862,6682,1/05/08 23:18:08,NULL
246,6699,1/05/08 23:18:08,NULL
533,6699,1/05/08 23:18:08,NULL
820,6699,1/05/08 23:18:08,NULL
43,6716,1/05/08 23:18:08,NULL
330,6716,1/05/08 23:18:08,NULL
617,6716,1/05/08 23:18:08,NULL
904,6716,1/05/08 23:18:08,NULL
1,6733,1/05/08 23:18:08,NULL
288,6733,1/05/08 23:18:08,NULL
575,6733,1/05/08 23:18:08,NULL
862,6733,1/05/08 23:18:08,NULL
246,6750,1/05/08 23:18:08,NULL
533,6750,1/05/08 23:18:08,NULL
820,6750,1/05/08 23:18:08,NULL
43,6767,1/05/08 23:18:08,NULL
330,6767,1/05/08 23:18:08,NULL
617,6767,1/05/08 23:18:08,NULL
904,6767,1/05/08 23:18:08,NULL
1,6784,1/05/08 23:18:08,NULL
288,6784,1/05/08 23:18:08,NULL
575,6784,1/05/08 23:18:08,NULL
862,6784,1/05/08 23:18:08,NULL
246,6801,1/05/08 23:18:08,NULL
533,6801,1/05/08 23:18:08,NULL
820,6801,1/05/08 23:18:08,NULL
43,6818,1/05/08 23:18:08,NULL
330,6818,1/05/08 23:18:08,NULL
617,6818,1/05/08 23:18:08,NULL
904,6818,1/05/08 23:18:08,NULL
1,6835,1/05/08 23:18:08,NULL
288,6835,1/05/08 23:18:08,NULL
575,6835,1/05/08 23:18:08,NULL
862,6835,1/05/08 23:18:08,NULL
246,6852,1/05/08 23:18:08,NULL
533,6852,1/05/08 23:18:08,NULL
820,6852,1/05/08 23:18:08,NULL
43,6869,1/05/08 23:18:08,NULL
330,6869,1/05/08 23:18:08,NULL
617,6869,1/05/08 23:18:08,NULL
904,6869,1/05/08 23:18:08,NULL
1,6886,1/05/08 23:18:08,NULL
288,6886,1/05/08 23:18:08,NULL
575,6886,1/05/08 23:18:08,NULL
862,6886,1/05/08 23:18:08,NULL
246,6903,1/05/08 23:18:08,NULL
533,6903,1/05/08 23:18:08,NULL
820,6903,1/05/08 23:18:08,NULL
43,6920,1/05/08 23:18:08,NULL
330,6920,1/05/08 23:18:08,NULL
617,6920,1/05/08 23:18:08,NULL
904,6920,1/05/08 23:18:08,NULL
1,6937,1/05/08 23:18:08,NULL
288,6937,1/05/08 23:18:08,NULL
575,6937,1/05/08 23:18:08,NULL
862,6937,1/05/08 23:18:08,NULL
246,6954,1/05/08 23:18:08,NULL
533,6954,1/05/08 23:18:08,NULL
820,6954,1/05/08 23:18:08,NULL
43,6971,1/05/08 23:18:08,NULL
330,6971,1/05/08 23:18:08,NULL
617,6971,1/05/08 23:18:08,NULL
904,6971,1/05/08 23:18:08,NULL
1,6988,1/05/08 23:18:08,NULL
288,6988,1/05/08 23:18:08,NULL
575,6988,1/05/08 23:18:08,NULL
862,6988,1/05/08 23:18:08,NULL
246,7005,1/05/08 23:18:08,NULL
533,7005,1/05/08 23:18:08,NULL
820,7005,1/05/08 23:18:08,NULL
43,7022,1/05/08 23:18:08,NULL
330,7022,1/05/08 23:18:08,NULL
617,7022,1/05/08 23:18:08,NULL
904,7022,1/05/08 23:18:08,NULL
1,7039,1/05/08 23:18:08,NULL
288,7039,1/05/08 23:18:08,NULL
575,7039,1/05/08 23:18:08,NULL
862,7039,1/05/08 23:18:08,NULL
246,7056,1/05/08 23:18:08,NULL
533,7056,1/05/08 23:18:08,NULL
820,7056,1/05/08 23:18:08,NULL
43,7073,1/05/08 23:18:08,NULL
330,7073,1/05/08 23:18:08,NULL
617,7073,1/05/08 23:18:08,NULL
904,7073,1/05/08 23:18:08,NULL
1,7090,1/05/08 23:18:08,NULL
288,7090,1/05/08 23:18:08,NULL
575,7090,1/05/08 23:18:08,NULL
862,7090,1/05/08 23:18:08,NULL
246,7107,1/05/08 23:18:08,NULL
533,7107,1/05/08 23:18:08,NULL
820,7107,1/05/08 23:18:08,NULL
43,7124,1/05/08 23:18:08,NULL
330,7124,1/05/08 23:18:08,NULL
617,7124,1/05/08 23:18:08,NULL
904,7124,1/05/08 23:18:08,NULL
1,7141,1/05/08 23:18:08,NULL
288,7141,1/05/08 23:18:08,NULL
575,7141,1/05/08 23:18:08,NULL
862,7141,1/05/08 23:18:08,NULL
246,7158,1/05/08 23:18:08,NULL
533,7158,1/05/08 23:18:08,NULL
820,7158,1/05/08 23:18:08,NULL
43,7175,1/05/08 23:18:08,NULL
330,7175,1/05/08 23:18:08,NULL
617,7175,1/05/08 23:18:08,NULL
904,7175,1/05/08 23:18:08,NULL
1,7192,1/05/08 23:18:08,NULL
288,7192,1/05/08 23:18:08,NULL
575,7192,1/05/08 23:18:08,NULL
862,7192,1/05/08 23:18:08,NULL
246,7209,1/05/08 23:18:08,NULL
533,7209,1/05/08 23:18:08,NULL
820,7209,1/05/08 23:18:08,NULL
43,7226,1/05/08 23:18:08,NULL
330,7226,1/05/08 23:18:08,NULL
617,7226,1/05/08 23:18:08,NULL
904,7226,1/05/08 23:18:08,NULL
1,7243,1/05/08 23:18:08,NULL
288,7243,1/05/08 23:18:08,NULL
575,7243,1/05/08 23:18:08,NULL
862,7243,1/05/08 23:18:08,NULL
246,7260,1/05/08 23:18:08,NULL
533,7260,1/05/08 23:18:08,NULL
820,7260,1/05/08 23:18:08,NULL
43,7277,1/05/08 23:18:08,NULL
330,7277,1/05/08 23:18:08,NULL
617,7277,1/05/08 23:18:08,NULL
904,7277,1/05/08 23:18:08,NULL
1,7294,1/05/08 23:18:08,NULL
288,7294,1/05/08 23:18:08,NULL
575,7294,1/05/08 23:18:08,NULL
862,7294,1/05/08 23:18:08,NULL
246,7311,1/05/08 23:18:08,NULL
533,7311,1/05/08 23:18:08,NULL
820,7311,1/05/08 23:18:08,NULL
43,7328,1/05/08 23:18:08,NULL
330,7328,1/05/08 23:18:08,NULL
617,7328,1/05/08 23:18:08,NULL
904,7328,1/05/08 23:18:08,NULL
1,7345,1/05/08 23:18:08,NULL
288,7345,1/05/08 23:18:08,NULL
575,7345,1/05/08 23:18:08,NULL
862,7345,1/05/08 23:18:08,NULL
246,7362,1/05/08 23:18:08,NULL
533,7362,1/05/08 23:18:08,NULL
820,7362,1/05/08 23:18:08,NULL
43,7379,1/05/08 23:18:08,NULL
330,7379,1/05/08 23:18:08,NULL
617,7379,1/05/08 23:18:08,NULL
904,7379,1/05/08 23:18:08,NULL
1,7396,1/05/08 23:18:08,NULL
288,7396,1/05/08 23:18:08,NULL
575,7396,1/05/08 23:18:08,NULL
862,7396,1/05/08 23:18:08,NULL
246,7413,1/05/08 23:18:08,NULL
533,7413,1/05/08 23:18:08,NULL
820,7413,1/05/08 23:18:08,NULL
43,7430,1/05/08 23:18:08,NULL
330,7430,1/05/08 23:18:08,NULL
617,7430,1/05/08 23:18:08,NULL
904,7430,1/05/08 23:18:08,NULL
1,7447,1/05/08 23:18:08,NULL
288,7447,1/05/08 23:18:08,NULL
575,7447,1/05/08 23:18:08,NULL
862,7447,1/05/08 23:18:08,NULL
246,7464,1/05/08 23:18:08,NULL
533,7464,1/05/08 23:18:08,NULL
820,7464,1/05/08 23:18:08,NULL
43,7481,1/05/08 23:18:08,NULL
330,7481,1/05/08 23:18:08,NULL
617,7481,1/05/08 23:18:08,NULL
904,7481,1/05/08 23:18:08,NULL
1,7498,1/05/08 23:18:08,NULL
288,7498,1/05/08 23:18:08,NULL
575,7498,1/05/08 23:18:08,NULL
862,7498,1/05/08 23:18:08,NULL
246,7515,1/05/08 23:18:08,NULL
533,7515,1/05/08 23:18:08,NULL
820,7515,1/05/08 23:18:08,NULL
43,7532,1/05/08 23:18:08,NULL
330,7532,1/05/08 23:18:08,NULL
617,7532,1/05/08 23:18:08,NULL
904,7532,1/05/08 23:18:08,NULL
1,7549,1/05/08 23:18:08,NULL
288,7549,1/05/08 23:18:08,NULL
575,7549,1/05/08 23:18:08,NULL
862,7549,1/05/08 23:18:08,NULL
246,7566,1/05/08 23:18:08,NULL
533,7566,1/05/08 23:18:08,NULL
820,7566,1/05/08 23:18:08,NULL
43,7583,1/05/08 23:18:08,NULL
330,7583,1/05/08 23:18:08,NULL
617,7583,1/05/08 23:18:08,NULL
904,7583,1/05/08 23:18:08,NULL
1,7600,1/05/08 23:18:08,NULL
288,7600,1/05/08 23:18:08,NULL
575,7600,1/05/08 23:18:08,NULL
862,7600,1/05/08 23:18:08,NULL
246,7617,1/05/08 23:18:08,NULL
533,7617,1/05/08 23:18:08,NULL
820,7617,1/05/08 23:18:08,NULL
43,7634,1/05/08 23:18:08,NULL
330,7634,1/05/08 23:18:08,NULL
617,7634,1/05/08 23:18:08,NULL
904,7634,1/05/08 23:18:08,NULL
1,7651,1/05/08 23:18:08,NULL
288,7651,1/05/08 23:18:08,NULL
575,7651,1/05/08 23:18:08,NULL
862,7651,1/05/08 23:18:08,NULL
246,7668,1/05/08 23:18:08,NULL
533,7668,1/05/08 23:18:08,NULL
820,7668,1/05/08 23:18:08,NULL
43,7685,1/05/08 23:18:08,NULL
330,7685,1/05/08 23:18:08,NULL
617,7685,1/05/08 23:18:08,NULL
904,7685,1/05/08 23:18:08,NULL
1,7702,1/05/08 23:18:08,NULL
288,7702,1/05/08 23:18:08,NULL
575,7702,1/05/08 23:18:08,NULL
862,7702,1/05/08 23:18:08,NULL
246,7719,1/05/08 23:18:08,NULL
533,7719,1/05/08 23:18:08,NULL
820,7719,1/05/08 23:18:08,NULL
43,7736,1/05/08 23:18:08,NULL
330,7736,1/05/08 23:18:08,NULL
617,7736,1/05/08 23:18:08,NULL
904,7736,1/05/08 23:18:08,NULL
1,7753,1/05/08 23:18:08,NULL
288,7753,1/05/08 23:18:08,NULL
575,7753,1/05/08 23:18:08,NULL
862,7753,1/05/08 23:18:08,NULL
246,7770,1/05/08 23:18:08,NULL
533,7770,1/05/08 23:18:08,NULL
820,7770,1/05/08 23:18:08,NULL
43,7787,1/05/08 23:18:08,NULL
330,7787,1/05/08 23:18:08,NULL
617,7787,1/05/08 23:18:08,NULL
904,7787,1/05/08 23:18:08,NULL
1,7804,1/05/08 23:18:08,NULL
288,7804,1/05/08 23:18:08,NULL
575,7804,1/05/08 23:18:08,NULL
862,7804,1/05/08 23:18:08,NULL
246,7821,1/05/08 23:18:08,NULL
533,7821,1/05/08 23:18:08,NULL
820,7821,1/05/08 23:18:08,NULL
43,7838,1/05/08 23:18:08,NULL
330,7838,1/05/08 23:18:08,NULL
617,7838,1/05/08 23:18:08,NULL
904,7838,1/05/08 23:18:08,NULL
1,7855,1/05/08 23:18:08,NULL
288,7855,1/05/08 23:18:08,NULL
575,7855,1/05/08 23:18:08,NULL
862,7855,1/05/08 23:18:08,NULL
246,7872,1/05/08 23:18:08,NULL
533,7872,1/05/08 23:18:08,NULL
820,7872,1/05/08 23:18:08,NULL
43,7889,1/05/08 23:18:08,NULL
330,7889,1/05/08 23:18:08,NULL
617,7889,1/05/08 23:18:08,NULL
904,7889,1/05/08 23:18:08,NULL
1,7906,1/05/08 23:18:08,NULL
288,7906,1/05/08 23:18:08,NULL
575,7906,1/05/08 23:18:08,NULL
862,7906,1/05/08 23:18:08,NULL
246,7923,1/05/08 23:18:08,NULL
533,7923,1/05/08 23:18:08,NULL
820,7923,1/05/08 23:18:08,NULL
43,7940,1/05/08 23:18:08,NULL
330,7940,1/05/08 23:18:08,NULL
617,7940,1/05/08 23:18:08,NULL
904,7940,1/05/08 23:18:08,NULL
1,7957,1/05/08 23:18:08,NULL
288,7957,1/05/08 23:18:08,NULL
575,7957,1/05/08 23:18:08,NULL
862,7957,1/05/08 23:18:08,NULL
246,7974,1/05/08 23:18:08,NULL
533,7974,1/05/08 23:18:08,NULL
820,7974,1/05/08 23:18:08,NULL
43,7991,1/05/08 23:18:08,NULL
330,7991,1/05/08 23:18:08,NULL
617,7991,1/05/08 23:18:08,NULL
904,7991,1/05/08 23:18:08,NULL
1,8008,1/05/08 23:18:08,NULL
288,8008,1/05/08 23:18:08,NULL
575,8008,1/05/08 23:18:08,NULL
862,8008,1/05/08 23:18:08,NULL
246,8025,1/05/08 23:18:08,NULL
533,8025,1/05/08 23:18:08,NULL
820,8025,1/05/08 23:18:08,NULL
43,8042,1/05/08 23:18:08,NULL
330,8042,1/05/08 23:18:08,NULL
617,8042,1/05/08 23:18:08,NULL
904,8042,1/05/08 23:18:08,NULL
1,8059,1/05/08 23:18:08,NULL
288,8059,1/05/08 23:18:08,NULL
575,8059,1/05/08 23:18:08,NULL
862,8059,1/05/08 23:18:08,NULL
246,8076,1/05/08 23:18:08,NULL
533,8076,1/05/08 23:18:08,NULL
820,8076,1/05/08 23:18:08,NULL
43,8093,1/05/08 23:18:08,NULL
330,8093,1/05/08 23:18:08,NULL
617,8093,1/05/08 23:18:08,NULL
904,8093,1/05/08 23:18:08,NULL
1,8110,1/05/08 23:18:08,NULL
288,8110,1/05/08 23:18:08,NULL
575,8110,1/05/08 23:18:08,NULL
862,8110,1/05/08 23:18:08,NULL
246,8127,1/05/08 23:18:08,NULL
533,8127,1/05/08 23:18:08,NULL
820,8127,1/05/08 23:18:08,NULL
43,8144,1/05/08 23:18:08,NULL
330,8144,1/05/08 23:18:08,NULL
617,8144,1/05/08 23:18:08,NULL
904,8144,1/05/08 23:18:08,NULL
1,8161,1/05/08 23:18:08,NULL
288,8161,1/05/08 23:18:08,NULL
575,8161,1/05/08 23:18:08,NULL
862,8161,1/05/08 23:18:08,NULL
246,8178,1/05/08 23:18:08,NULL
533,8178,1/05/08 23:18:08,NULL
820,8178,1/05/08 23:18:08,NULL
43,8195,1/05/08 23:18:08,NULL
330,8195,1/05/08 23:18:08,NULL
617,8195,1/05/08 23:18:08,NULL
904,8195,1/05/08 23:18:08,NULL
1,8212,1/05/08 23:18:08,NULL
288,8212,1/05/08 23:18:08,NULL
575,8212,1/05/08 23:18:08,NULL
862,8212,1/05/08 23:18:08,NULL
246,8229,1/05/08 23:18:08,NULL
533,8229,1/05/08 23:18:08,NULL
820,8229,1/05/08 23:18:08,NULL
43,8246,1/05/08 23:18:08,NULL
330,8246,1/05/08 23:18:08,NULL
617,8246,1/05/08 23:18:08,NULL
904,8246,1/05/08 23:18:08,NULL
1,8263,1/05/08 23:18:08,NULL
288,8263,1/05/08 23:18:08,NULL
575,8263,1/05/08 23:18:08,NULL
862,8263,1/05/08 23:18:08,NULL
246,8280,1/05/08 23:18:08,NULL
533,8280,1/05/08 23:18:08,NULL
820,8280,1/05/08 23:18:08,NULL
43,8297,1/05/08 23:18:08,NULL
330,8297,1/05/08 23:18:08,NULL
617,8297,1/05/08 23:18:08,NULL
904,8297,1/05/08 23:18:08,NULL
1,8314,1/05/08 23:18:08,NULL
288,8314,1/05/08 23:18:08,NULL
575,8314,1/05/08 23:18:08,NULL
862,8314,1/05/08 23:18:08,NULL
246,8331,1/05/08 23:18:08,NULL
533,8331,1/05/08 23:18:08,NULL
820,8331,1/05/08 23:18:08,NULL
43,8348,1/05/08 23:18:08,NULL
330,8348,1/05/08 23:18:08,NULL
617,8348,1/05/08 23:18:08,NULL
904,8348,1/05/08 23:18:08,NULL
1,8365,1/05/08 23:18:08,NULL
288,8365,1/05/08 23:18:08,NULL
575,8365,1/05/08 23:18:08,NULL
862,8365,1/05/08 23:18:08,NULL
246,8382,1/05/08 23:18:08,NULL
533,8382,1/05/08 23:18:08,NULL
820,8382,1/05/08 23:18:08,NULL
43,8399,1/05/08 23:18:08,NULL
330,8399,1/05/08 23:18:08,NULL
617,8399,1/05/08 23:18:08,NULL
904,8399,1/05/08 23:18:08,NULL
1,8416,1/05/08 23:18:08,NULL
288,8416,1/05/08 23:18:08,NULL
575,8416,1/05/08 23:18:08,NULL
862,8416,1/05/08 23:18:08,NULL
246,8433,1/05/08 23:18:08,NULL
533,8433,1/05/08 23:18:08,NULL
820,8433,1/05/08 23:18:08,NULL
43,8450,1/05/08 23:18:08,NULL
330,8450,1/05/08 23:18:08,NULL
617,8450,1/05/08 23:18:08,NULL
904,8450,1/05/08 23:18:08,NULL
1,8467,1/05/08 23:18:08,NULL
288,8467,1/05/08 23:18:08,NULL
575,8467,1/05/08 23:18:08,NULL
862,8467,1/05/08 23:18:08,NULL
246,8484,1/05/08 23:18:08,NULL
533,8484,1/05/08 23:18:08,NULL
820,8484,1/05/08 23:18:08,NULL
43,8501,1/05/08 23:18:08,NULL
330,8501,1/05/08 23:18:08,NULL
617,8501,1/05/08 23:18:08,NULL
904,8501,1/05/08 23:18:08,NULL
1,8518,1/05/08 23:18:08,NULL
288,8518,1/05/08 23:18:08,NULL
575,8518,1/05/08 23:18:08,NULL
862,8518,1/05/08 23:18:08,NULL
246,8535,1/05/08 23:18:08,NULL
533,8535,1/05/08 23:18:08,NULL
820,8535,1/05/08 23:18:08,NULL
43,8552,1/05/08 23:18:08,NULL
330,8552,1/05/08 23:18:08,NULL
617,8552,1/05/08 23:18:08,NULL
904,8552,1/05/08 23:18:08,NULL
1,8569,1/05/08 23:18:08,NULL
288,8569,1/05/08 23:18:08,NULL
575,8569,1/05/08 23:18:08,NULL
862,8569,1/05/08 23:18:08,NULL
246,8586,1/05/08 23:18:08,NULL
533,8586,1/05/08 23:18:08,NULL
820,8586,1/05/08 23:18:08,NULL
43,8603,1/05/08 23:18:08,NULL
330,8603,1/05/08 23:18:08,NULL
617,8603,1/05/08 23:18:08,NULL
904,8603,1/05/08 23:18:08,NULL
1,8620,1/05/08 23:18:08,NULL
288,8620,1/05/08 23:18:08,NULL
575,8620,1/05/08 23:18:08,NULL
862,8620,1/05/08 23:18:08,NULL
246,8637,1/05/08 23:18:08,NULL
533,8637,1/05/08 23:18:08,NULL
820,8637,1/05/08 23:18:08,NULL
43,8654,1/05/08 23:18:08,NULL
330,8654,1/05/08 23:18:08,NULL
617,8654,1/05/08 23:18:08,NULL
904,8654,1/05/08 23:18:08,NULL
1,8671,1/05/08 23:18:08,NULL
288,8671,1/05/08 23:18:08,NULL
575,8671,1/05/08 23:18:08,NULL
862,8671,1/05/08 23:18:08,NULL
246,8688,1/05/08 23:18:08,NULL
533,8688,1/05/08 23:18:08,NULL
820,8688,1/05/08 23:18:08,NULL
43,8705,1/05/08 23:18:08,NULL
330,8705,1/05/08 23:18:08,NULL
617,8705,1/05/08 23:18:08,NULL
904,8705,1/05/08 23:18:08,NULL
1,8722,1/05/08 23:18:08,NULL
288,8722,1/05/08 23:18:08,NULL
575,8722,1/05/08 23:18:08,NULL
862,8722,1/05/08 23:18:08,NULL
246,8739,1/05/08 23:18:08,NULL
533,8739,1/05/08 23:18:08,NULL
820,8739,1/05/08 23:18:08,NULL
43,8756,1/05/08 23:18:08,NULL
330,8756,1/05/08 23:18:08,NULL
617,8756,1/05/08 23:18:08,NULL
904,8756,1/05/08 23:18:08,NULL
1,8773,1/05/08 23:18:08,NULL
288,8773,1/05/08 23:18:08,NULL
575,8773,1/05/08 23:18:08,NULL
862,8773,1/05/08 23:18:08,NULL
246,8790,1/05/08 23:18:08,NULL
533,8790,1/05/08 23:18:08,NULL
820,8790,1/05/08 23:18:08,NULL
43,8807,1/05/08 23:18:08,NULL
330,8807,1/05/08 23:18:08,NULL
617,8807,1/05/08 23:18:08,NULL
904,8807,1/05/08 23:18:08,NULL
1,8824,1/05/08 23:18:08,NULL
288,8824,1/05/08 23:18:08,NULL
575,8824,1/05/08 23:18:08,NULL
862,8824,1/05/08 23:18:08,NULL
246,8841,1/05/08 23:18:08,NULL
533,8841,1/05/08 23:18:08,NULL
820,8841,1/05/08 23:18:08,NULL
43,8858,1/05/08 23:18:08,NULL
330,8858,1/05/08 23:18:08,NULL
617,8858,1/05/08 23:18:08,NULL
904,8858,1/05/08 23:18:08,NULL
1,8875,1/05/08 23:18:08,NULL
288,8875,1/05/08 23:18:08,NULL
575,8875,1/05/08 23:18:08,NULL
862,8875,1/05/08 23:18:08,NULL
246,8892,1/05/08 23:18:08,NULL
533,8892,1/05/08 23:18:08,NULL
820,8892,1/05/08 23:18:08,NULL
43,8909,1/05/08 23:18:08,NULL
330,8909,1/05/08 23:18:08,NULL
617,8909,1/05/08 23:18:08,NULL
904,8909,1/05/08 23:18:08,NULL
1,8926,1/05/08 23:18:08,NULL
288,8926,1/05/08 23:18:08,NULL
575,8926,1/05/08 23:18:08,NULL
862,8926,1/05/08 23:18:08,NULL
246,8943,1/05/08 23:18:08,NULL
533,8943,1/05/08 23:18:08,NULL
820,8943,1/05/08 23:18:08,NULL
43,8960,1/05/08 23:18:08,NULL
330,8960,1/05/08 23:18:08,NULL
617,8960,1/05/08 23:18:08,NULL
904,8960,1/05/08 23:18:08,NULL
1,8977,1/05/08 23:18:08,NULL
288,8977,1/05/08 23:18:08,NULL
575,8977,1/05/08 23:18:08,NULL
862,8977,1/05/08 23:18:08,NULL
246,8994,1/05/08 23:18:08,NULL
533,8994,1/05/08 23:18:08,NULL
820,8994,1/05/08 23:18:08,NULL
43,9011,1/05/08 23:18:08,NULL
330,9011,1/05/08 23:18:08,NULL
617,9011,1/05/08 23:18:08,NULL
904,9011,1/05/08 23:18:08,NULL
1,9028,1/05/08 23:18:08,NULL
288,9028,1/05/08 23:18:08,NULL
575,9028,1/05/08 23:18:08,NULL
862,9028,1/05/08 23:18:08,NULL
246,9045,1/05/08 23:18:08,NULL
533,9045,1/05/08 23:18:08,NULL
820,9045,1/05/08 23:18:08,NULL
43,9062,1/05/08 23:18:08,NULL
330,9062,1/05/08 23:18:08,NULL
617,9062,1/05/08 23:18:08,NULL
904,9062,1/05/08 23:18:08,NULL
1,9079,1/05/08 23:18:08,NULL
288,9079,1/05/08 23:18:08,NULL
575,9079,1/05/08 23:18:08,NULL
862,9079,1/05/08 23:18:08,NULL
246,9096,1/05/08 23:18:08,NULL
533,9096,1/05/08 23:18:08,NULL
820,9096,1/05/08 23:18:08,NULL
43,9113,1/05/08 23:18:08,NULL
330,9113,1/05/08 23:18:08,NULL
617,9113,1/05/08 23:18:08,NULL
904,9113,1/05/08 23:18:08,NULL
1,9130,1/05/08 23:18:08,NULL
288,9130,1/05/08 23:18:08,NULL
575,9130,1/05/08 23:18:08,NULL
862,9130,1/05/08 23:18:08,NULL
246,9147,1/05/08 23:18:08,NULL
533,9147,1/05/08 23:18:08,NULL
820,9147,1/05/08 23:18:08,NULL
43,9164,1/05/08 23:18:08,NULL
330,9164,1/05/08 23:18:08,NULL
617,9164,1/05/08 23:18:08,NULL
904,9164,1/05/08 23:18:08,NULL
1,9181,1/05/08 23:18:08,NULL
288,9181,1/05/08 23:18:08,NULL
575,9181,1/05/08 23:18:08,NULL
862,9181,1/05/08 23:18:08,NULL
246,9198,1/05/08 23:18:08,NULL
533,9198,1/05/08 23:18:08,NULL
820,9198,1/05/08 23:18:08,NULL
43,9215,1/05/08 23:18:08,NULL
330,9215,1/05/08 23:18:08,NULL
617,9215,1/05/08 23:18:08,NULL
904,9215,1/05/08 23:18:08,NULL
1,9232,1/05/08 23:18:08,NULL
288,9232,1/05/08 23:18:08,NULL
575,9232,1/05/08 23:18:08,NULL
862,9232,1/05/08 23:18:08,NULL
246,9249,1/05/08 23:18:08,NULL
533,9249,1/05/08 23:18:08,NULL
820,9249,1/05/08 23:18:08,NULL
43,9266,1/05/08 23:18:08,NULL
330,9266,1/05/08 23:18:08,NULL
617,9266,1/05/08 23:18:08,NULL
904,9266,1/05/08 23:18:08,NULL
1,9283,1/05/08 23:18:08,NULL
288,9283,1/05/08 23:18:08,NULL
575,9283,1/05/08 23:18:08,NULL
862,9283,1/05/08 23:18:08,NULL
246,9300,1/05/08 23:18:08,NULL
533,9300,1/05/08 23:18:08,NULL
820,9300,1/05/08 23:18:08,NULL
43,9317,1/05/08 23:18:08,NULL
330,9317,1/05/08 23:18:08,NULL
617,9317,1/05/08 23:18:08,NULL
904,9317,1/05/08 23:18:08,NULL
1,9334,1/05/08 23:18:08,NULL
288,9334,1/05/08 23:18:08,NULL
575,9334,1/05/08 23:18:08,NULL
862,9334,1/05/08 23:18:08,NULL
246,9351,1/05/08 23:18:08,NULL
533,9351,1/05/08 23:18:08,NULL
820,9351,1/05/08 23:18:08,NULL
43,9368,1/05/08 23:18:08,NULL
330,9368,1/05/08 23:18:08,NULL
617,9368,1/05/08 23:18:08,NULL
904,9368,1/05/08 23:18:08,NULL
1,9385,1/05/08 23:18:08,NULL
288,9385,1/05/08 23:18:08,NULL
575,9385,1/05/08 23:18:08,NULL
862,9385,1/05/08 23:18:08,NULL
246,9402,1/05/08 23:18:08,NULL
533,9402,1/05/08 23:18:08,NULL
820,9402,1/05/08 23:18:08,NULL
43,9419,1/05/08 23:18:08,NULL
330,9419,1/05/08 23:18:08,NULL
617,9419,1/05/08 23:18:08,NULL
904,9419,1/05/08 23:18:08,NULL
1,9436,1/05/08 23:18:08,NULL
288,9436,1/05/08 23:18:08,NULL
575,9436,1/05/08 23:18:08,NULL
862,9436,1/05/08 23:18:08,NULL
246,9453,1/05/08 23:18:08,NULL
533,9453,1/05/08 23:18:08,NULL
820,9453,1/05/08 23:18:08,NULL
43,9470,1/05/08 23:18:08,NULL
330,9470,1/05/08 23:18:08,NULL
617,9470,1/05/08 23:18:08,NULL
904,9470,1/05/08 23:18:08,NULL
1,9487,1/05/08 23:18:08,NULL
288,9487,1/05/08 23:18:08,NULL
575,9487,1/05/08 23:18:08,NULL
862,9487,1/05/08 23:18:08,NULL
246,9504,1/05/08 23:18:08,NULL
533,9504,1/05/08 23:18:08,NULL
820,9504,1/05/08 23:18:08,NULL
43,9521,1/05/08 23:18:08,NULL
330,9521,1/05/08 23:18:08,NULL
617,9521,1/05/08 23:18:08,NULL
904,9521,1/05/08 23:18:08,NULL
1,9538,1/05/08 23:18:08,NULL
288,9538,1/05/08 23:18:08,NULL
575,9538,1/05/08 23:18:08,NULL
862,9538,1/05/08 23:18:08,NULL
246,9555,1/05/08 23:18:08,NULL
533,9555,1/05/08 23:18:08,NULL
820,9555,1/05/08 23:18:08,NULL
43,9572,1/05/08 23:18:08,NULL
330,9572,1/05/08 23:18:08,NULL
617,9572,1/05/08 23:18:08,NULL
904,9572,1/05/08 23:18:08,NULL
1,9589,1/05/08 23:18:08,NULL
288,9589,1/05/08 23:18:08,NULL
575,9589,1/05/08 23:18:08,NULL
862,9589,1/05/08 23:18:08,NULL
246,9606,1/05/08 23:18:08,NULL
533,9606,1/05/08 23:18:08,NULL
820,9606,1/05/08 23:18:08,NULL
43,9623,1/05/08 23:18:08,NULL
330,9623,1/05/08 23:18:08,NULL
617,9623,1/05/08 23:18:08,NULL
904,9623,1/05/08 23:18:08,NULL
1,9640,1/05/08 23:18:08,NULL
288,9640,1/05/08 23:18:08,NULL
575,9640,1/05/08 23:18:08,NULL
862,9640,1/05/08 23:18:08,NULL
246,9657,1/05/08 23:18:08,NULL
533,9657,1/05/08 23:18:08,NULL
820,9657,1/05/08 23:18:08,NULL
43,9674,1/05/08 23:18:08,NULL
330,9674,1/05/08 23:18:08,NULL
617,9674,1/05/08 23:18:08,NULL
904,9674,1/05/08 23:18:08,NULL
1,9691,1/05/08 23:18:08,NULL
288,9691,1/05/08 23:18:08,NULL
575,9691,1/05/08 23:18:08,NULL
862,9691,1/05/08 23:18:08,NULL
246,9708,1/05/08 23:18:08,NULL
533,9708,1/05/08 23:18:08,NULL
820,9708,1/05/08 23:18:08,NULL
43,9725,1/05/08 23:18:08,NULL
330,9725,1/05/08 23:18:08,NULL
617,9725,1/05/08 23:18:08,NULL
904,9725,1/05/08 23:18:08,NULL
1,9742,1/05/08 23:18:08,NULL
288,9742,1/05/08 23:18:08,NULL
575,9742,1/05/08 23:18:08,NULL
862,9742,1/05/08 23:18:08,NULL
246,9759,1/05/08 23:18:08,NULL
533,9759,1/05/08 23:18:08,NULL
820,9759,1/05/08 23:18:08,NULL
43,9776,1/05/08 23:18:08,NULL
330,9776,1/05/08 23:18:08,NULL
617,9776,1/05/08 23:18:08,NULL
904,9776,1/05/08 23:18:08,NULL
1,9793,1/05/08 23:18:08,NULL
288,9793,1/05/08 23:18:08,NULL
575,9793,1/05/08 23:18:08,NULL
862,9793,1/05/08 23:18:08,NULL
246,9810,1/05/08 23:18:08,NULL
533,9810,1/05/08 23:18:08,NULL
820,9810,1/05/08 23:18:08,NULL
43,9827,1/05/08 23:18:08,NULL
330,9827,1/05/08 23:18:08,NULL
617,9827,1/05/08 23:18:08,NULL
904,9827,1/05/08 23:18:08,NULL
1,9844,1/05/08 23:18:08,NULL
288,9844,1/05/08 23:18:08,NULL
575,9844,1/05/08 23:18:08,NULL
862,9844,1/05/08 23:18:08,NULL
246,9861,1/05/08 23:18:08,NULL
533,9861,1/05/08 23:18:08,NULL
820,9861,1/05/08 23:18:08,NULL
43,9878,1/05/08 23:18:08,NULL
330,9878,1/05/08 23:18:08,NULL
617,9878,1/05/08 23:18:08,NULL
904,9878,1/05/08 23:18:08,NULL
1,9895,1/05/08 23:18:08,NULL
288,9895,1/05/08 23:18:08,NULL
575,9895,1/05/08 23:18:08,NULL
862,9895,1/05/08 23:18:08,NULL
246,9912,1/05/08 23:18:08,NULL
533,9912,1/05/08 23:18:08,NULL
820,9912,1/05/08 23:18:08,NULL
43,9929,1/05/08 23:18:08,NULL
330,9929,1/05/08 23:18:08,NULL
617,9929,1/05/08 23:18:08,NULL
904,9929,1/05/08 23:18:08,NULL
1,9946,1/05/08 23:18:08,NULL
288,9946,1/05/08 23:18:08,NULL
575,9946,1/05/08 23:18:08,NULL
862,9946,1/05/08 23:18:08,NULL
246,9963,1/05/08 23:18:08,NULL
533,9963,1/05/08 23:18:08,NULL
820,9963,1/05/08 23:18:08,NULL
43,9980,1/05/08 23:18:08,NULL
330,9980,1/05/08 23:18:08,NULL
617,9980,1/05/08 23:18:08,NULL
904,9980,1/05/08 23:18:08,NULL
1,9997,1/05/08 23:18:08,NULL
288,9997,1/05/08 23:18:08,NULL
575,9997,1/05/08 23:18:08,NULL
862,9997,1/05/08 23:18:08,NULL
